[
{
    "model": "app.behov",
    "pk": 1,
    "fields": {
        "type": "lys",
        "behov": "Neon Lys"
    }
},
{
    "model": "app.behov",
    "pk": 2,
    "fields": {
        "type": "andre",
        "behov": "Armeb\u00e5nd med LED lys til publikum"
    }
},
{
    "model": "app.behov",
    "pk": 3,
    "fields": {
        "type": "lyd",
        "behov": "En ekstra mikrofon"
    }
},
{
    "model": "app.artist",
    "pk": 2,
    "fields": {
        "navn": "Green Day",
        "sjanger": "Punk Rock",
        "slug": "Green_Day",
        "manager": [
            95
        ]
    }
},
{
    "model": "app.artist",
    "pk": 3,
    "fields": {
        "navn": "Imagine Dragons",
        "sjanger": "Alternativ Rock",
        "slug": "Imagine_Dragons",
        "manager": [
            4
        ]
    }
},
{
    "model": "app.artist",
    "pk": 4,
    "fields": {
        "navn": "Justin Timberlake",
        "sjanger": "Rock",
        "slug": "Justin_Timberlake",
        "manager": [
            77
        ]
    }
},
{
    "model": "app.artist",
    "pk": 5,
    "fields": {
        "navn": "Usher",
        "sjanger": "Hip Hop",
        "slug": "Usher",
        "manager": [
            78
        ]
    }
},
{
    "model": "app.artist",
    "pk": 6,
    "fields": {
        "navn": "Nicki Minaj",
        "sjanger": "Hip Hop",
        "slug": "Nicki_Minaj",
        "manager": [
            80
        ]
    }
},
{
    "model": "app.artist",
    "pk": 7,
    "fields": {
        "navn": "OneRepublic",
        "sjanger": "Alternativ Rock",
        "slug": "OneRepublic",
        "manager": [
            81
        ]
    }
},
{
    "model": "app.artist",
    "pk": 8,
    "fields": {
        "navn": "HAIM",
        "sjanger": "Indie",
        "slug": "HAIM",
        "manager": [
            82
        ]
    }
},
{
    "model": "app.artist",
    "pk": 9,
    "fields": {
        "navn": "AC/DC",
        "sjanger": "Hard Rock",
        "slug": "AC/DC",
        "manager": [
            83
        ]
    }
},
{
    "model": "app.artist",
    "pk": 10,
    "fields": {
        "navn": "Eminem",
        "sjanger": "Hip Hop",
        "slug": "Eminem",
        "manager": [
            84
        ]
    }
},
{
    "model": "app.artist",
    "pk": 11,
    "fields": {
        "navn": "Lorde",
        "sjanger": "Indie",
        "slug": "Lorde",
        "manager": [
            85
        ]
    }
},
{
    "model": "app.artist",
    "pk": 12,
    "fields": {
        "navn": "The Rolling Stones",
        "sjanger": "Rock",
        "slug": "The_Rolling_Stones",
        "manager": [
            87
        ]
    }
},
{
    "model": "app.artist",
    "pk": 13,
    "fields": {
        "navn": "Zedd",
        "sjanger": "House",
        "slug": "Zedd",
        "manager": [
            88
        ]
    }
},
{
    "model": "app.artist",
    "pk": 14,
    "fields": {
        "navn": "Bastille",
        "sjanger": "Indie",
        "slug": "Bastille",
        "manager": [
            89
        ]
    }
},
{
    "model": "app.artist",
    "pk": 15,
    "fields": {
        "navn": "Rihanna",
        "sjanger": "Pop",
        "slug": "Rihanna",
        "manager": [
            4
        ]
    }
},
{
    "model": "app.artist",
    "pk": 16,
    "fields": {
        "navn": "U2",
        "sjanger": "Rock",
        "slug": "U2",
        "manager": [
            90
        ]
    }
},
{
    "model": "app.artist",
    "pk": 17,
    "fields": {
        "navn": "Fifth Harmony",
        "sjanger": "Pop",
        "slug": "Fifth_Harmony",
        "manager": [
            91
        ]
    }
},
{
    "model": "app.artist",
    "pk": 18,
    "fields": {
        "navn": "Kanye West",
        "sjanger": "Hip Hop",
        "slug": "Kanye_West",
        "manager": [
            92
        ]
    }
},
{
    "model": "app.artist",
    "pk": 19,
    "fields": {
        "navn": "Drake",
        "sjanger": "Hip Hop",
        "slug": "Drake",
        "manager": [
            93
        ]
    }
},
{
    "model": "app.artist",
    "pk": 20,
    "fields": {
        "navn": "X Ambassadors",
        "sjanger": "Indie",
        "slug": "X_Ambassadors",
        "manager": [
            94
        ]
    }
},
{
    "model": "app.artist",
    "pk": 21,
    "fields": {
        "navn": "Bruno Mars",
        "sjanger": "Pop",
        "slug": "Bruno_Mars",
        "manager": [
            77
        ]
    }
},
{
    "model": "app.artist",
    "pk": 22,
    "fields": {
        "navn": "The Killers",
        "sjanger": "Rock",
        "slug": "The_Killers",
        "manager": [
            78
        ]
    }
},
{
    "model": "app.artist",
    "pk": 23,
    "fields": {
        "navn": "Halsey",
        "sjanger": "Indie",
        "slug": "Halsey",
        "manager": [
            79
        ]
    }
},
{
    "model": "app.artist",
    "pk": 24,
    "fields": {
        "navn": "Pink",
        "sjanger": "Pop",
        "slug": "Pink",
        "manager": [
            80
        ]
    }
},
{
    "model": "app.artist",
    "pk": 25,
    "fields": {
        "navn": "Diplo",
        "sjanger": "House",
        "slug": "Diplo",
        "manager": [
            81
        ]
    }
},
{
    "model": "app.artist",
    "pk": 26,
    "fields": {
        "navn": "Jay Z",
        "sjanger": "Hip Hop",
        "slug": "Jay_Z",
        "manager": [
            82
        ]
    }
},
{
    "model": "app.artist",
    "pk": 27,
    "fields": {
        "navn": "Justin Bieber",
        "sjanger": "Pop",
        "slug": "Justin_Bieber",
        "manager": [
            83
        ]
    }
},
{
    "model": "app.artist",
    "pk": 28,
    "fields": {
        "navn": "Macklemore",
        "sjanger": "Hip Hop",
        "slug": "Macklemore",
        "manager": [
            84
        ]
    }
},
{
    "model": "app.artist",
    "pk": 29,
    "fields": {
        "navn": "Beyonce",
        "sjanger": "Pop",
        "slug": "Beyonce",
        "manager": [
            85
        ]
    }
},
{
    "model": "app.artist",
    "pk": 30,
    "fields": {
        "navn": "PVRIS",
        "sjanger": "Indie",
        "slug": "PVRIS",
        "manager": [
            86
        ]
    }
},
{
    "model": "app.artist",
    "pk": 31,
    "fields": {
        "navn": "Astrid S",
        "sjanger": "Pop",
        "slug": "Astrid_S",
        "manager": [
            87
        ]
    }
},
{
    "model": "app.artist",
    "pk": 32,
    "fields": {
        "navn": "Charlie Puth",
        "sjanger": "Pop",
        "slug": "Charlie_Puth",
        "manager": [
            88
        ]
    }
},
{
    "model": "app.artist",
    "pk": 33,
    "fields": {
        "navn": "Paramore",
        "sjanger": "Indie",
        "slug": "Paramore",
        "manager": [
            89
        ]
    }
},
{
    "model": "app.artist",
    "pk": 34,
    "fields": {
        "navn": "Twenty One Pilots",
        "sjanger": "Pop",
        "slug": "Twenty_One_Pilots",
        "manager": [
            90
        ]
    }
},
{
    "model": "app.artist",
    "pk": 35,
    "fields": {
        "navn": "Coldplay",
        "sjanger": "Pop",
        "slug": "Coldplay",
        "manager": [
            91
        ]
    }
},
{
    "model": "app.artist",
    "pk": 36,
    "fields": {
        "navn": "Shawn Mendes",
        "sjanger": "Pop",
        "slug": "Shawn_Mendes",
        "manager": [
            92
        ]
    }
},
{
    "model": "app.artist",
    "pk": 37,
    "fields": {
        "navn": "Maroon 5",
        "sjanger": "Pop",
        "slug": "Maroon_5",
        "manager": [
            93
        ]
    }
},
{
    "model": "app.artist",
    "pk": 38,
    "fields": {
        "navn": "Sam Smith",
        "sjanger": "Pop",
        "slug": "Sam_Smith",
        "manager": [
            94
        ]
    }
},
{
    "model": "app.artist",
    "pk": 39,
    "fields": {
        "navn": "Lucas Graham",
        "sjanger": "Pop",
        "slug": "Lucas_Graham",
        "manager": [
            95
        ]
    }
},
{
    "model": "app.artist",
    "pk": 40,
    "fields": {
        "navn": "Echosmith",
        "sjanger": "Indie",
        "slug": "Echosmith",
        "manager": [
            96
        ]
    }
},
{
    "model": "app.artist",
    "pk": 41,
    "fields": {
        "navn": "Kygo",
        "sjanger": "Pop",
        "slug": "Kygo",
        "manager": [
            4
        ]
    }
},
{
    "model": "app.artist",
    "pk": 42,
    "fields": {
        "navn": "Mumford and Sons",
        "sjanger": "Indie",
        "slug": "Mumford_and_Sons",
        "manager": [
            77
        ]
    }
},
{
    "model": "app.artist",
    "pk": 43,
    "fields": {
        "navn": "ZAYN",
        "sjanger": "Pop",
        "slug": "ZAYN",
        "manager": [
            78
        ]
    }
},
{
    "model": "app.artist",
    "pk": 44,
    "fields": {
        "navn": "Ed Sheeran",
        "sjanger": "Pop",
        "slug": "Ed_Sheeran",
        "manager": [
            79
        ]
    }
},
{
    "model": "app.consert",
    "pk": 1,
    "fields": {
        "artist": 2,
        "tidspunkt": "2016-06-17",
        "sceneNavn": "hovedscenen",
        "tilskuertall": 2000,
        "inntekter": 5500,
        "nokkelInfo": "Green Day er et amerikansk punkband fra East Bay i California. Green Day har solgt over 80 millioner plater verden over, og er verdens mestselgende band innenfor sin sjanger. De er ogs\u00e5 kjent som \u00abverdens beste liveband\u00bb for sitt elleville show.",
        "kostnader": 4000,
        "billettpris": null,
        "behov": [],
        "rigging": []
    }
},
{
    "model": "app.consert",
    "pk": 2,
    "fields": {
        "artist": 3,
        "tidspunkt": "2018-06-15",
        "sceneNavn": "storhallen",
        "tilskuertall": 5000,
        "inntekter": 3500,
        "nokkelInfo": "Imagine Dragons er et amerikansk alternativt rockband med Dan Reynolds, gitaristen Wayne Sermon, bassisten Ben McKee og trommespiller Daniel Platzman. Bandet ble grunnlagt i Las Vegas i USA i 2008 og fikk sin internasjonale popularitet i 2011. De mest kjente sangene er \u00abRadioactive\u00bb, \u00abDemons\u00bb, \u00abIt's Time\u00bb og \u00abI Bet My Life\u00bb, og de mest kjente albumene er Night Visions og Smoke+Mirrors.",
        "kostnader": 1200,
        "billettpris": null,
        "behov": [],
        "rigging": [
            1
        ]
    }
},
{
    "model": "app.consert",
    "pk": 3,
    "fields": {
        "artist": 4,
        "tidspunkt": "2016-06-12",
        "sceneNavn": "hallen",
        "tilskuertall": 3000,
        "inntekter": 5000,
        "nokkelInfo": "Justin Randall Timberlake er en amerikansk sanger og skuespiller, som ble kjent som vokalist i popgruppen 'N Sync.",
        "kostnader": 1200,
        "billettpris": null,
        "behov": [],
        "rigging": []
    }
},
{
    "model": "app.consert",
    "pk": 4,
    "fields": {
        "artist": 5,
        "tidspunkt": "2016-06-12",
        "sceneNavn": "hovedscenen",
        "tilskuertall": 3500,
        "inntekter": 5500,
        "nokkelInfo": "Usher Raymond IV er en hiphop-, soul- og R&B-artist.",
        "kostnader": 1000,
        "billettpris": null,
        "behov": [],
        "rigging": []
    }
},
{
    "model": "app.consert",
    "pk": 5,
    "fields": {
        "artist": 6,
        "tidspunkt": "2016-06-12",
        "sceneNavn": "storhallen",
        "tilskuertall": 5000,
        "inntekter": 6000,
        "nokkelInfo": "Onika Tanya Maraj, mest kjent som Nicki Minaj, er en amerikansk rapper, l\u00e5tskriver og Skuespiller.",
        "kostnader": 1500,
        "billettpris": null,
        "behov": [],
        "rigging": []
    }
},
{
    "model": "app.consert",
    "pk": 6,
    "fields": {
        "artist": 7,
        "tidspunkt": "2016-06-13",
        "sceneNavn": "hovedscenen",
        "tilskuertall": 3500,
        "inntekter": 2000,
        "nokkelInfo": "OneRepublic er et amerikansk rockband fra Colorado Springs, Colorado. Gruppen ble dannet i 2002 av Ryan Tedder og Zach Filkins. Bandet oppn\u00e5dde massive suksess p\u00e5 MySpace, og ble den mest fremtredende usignerte handling p\u00e5 nettsiden. De signerte med Mosley Music Group i 2006, og ga ut sitt debutalbum, Dreaming Out Loud, i 2007.",
        "kostnader": 800,
        "billettpris": null,
        "behov": [],
        "rigging": []
    }
},
{
    "model": "app.consert",
    "pk": 7,
    "fields": {
        "artist": 8,
        "tidspunkt": "2016-06-13",
        "sceneNavn": "hallen",
        "tilskuertall": 3000,
        "inntekter": 1500,
        "nokkelInfo": "HAIM er et amerikansk indie band fra Los Angeles. Gruppen best\u00e5r av tre s\u00f8stre.",
        "kostnader": 500,
        "billettpris": null,
        "behov": [],
        "rigging": []
    }
},
{
    "model": "app.consert",
    "pk": 8,
    "fields": {
        "artist": 9,
        "tidspunkt": "2016-06-13",
        "sceneNavn": "storhallen",
        "tilskuertall": 5000,
        "inntekter": 4000,
        "nokkelInfo": "AC/DC er et Grammy Award-vinnende hardrockband fra Australia. Bandet ble stiftet i 1973 av Angus Young, Malcolm Young, Dave Evans, Larry van Kriedt og Colin Burgess.",
        "kostnader": 2000,
        "billettpris": null,
        "behov": [],
        "rigging": []
    }
},
{
    "model": "app.consert",
    "pk": 9,
    "fields": {
        "artist": 10,
        "tidspunkt": "2016-06-14",
        "sceneNavn": "hovedscenen",
        "tilskuertall": 3500,
        "inntekter": 4000,
        "nokkelInfo": "Marshall Bruce Mathers III, bedre kjent under artistnavnet Eminem og tidligere kjent under navnet Slim Shady, er en amerikansk rapper. Han har vunnet Grammy- og Oscarpriser for musikken sin.",
        "kostnader": 1500,
        "billettpris": null,
        "behov": [],
        "rigging": []
    }
},
{
    "model": "app.consert",
    "pk": 10,
    "fields": {
        "artist": 11,
        "tidspunkt": "2016-06-14",
        "sceneNavn": "hallen",
        "tilskuertall": 3000,
        "inntekter": 2000,
        "nokkelInfo": "Ella Maria Lani Yelich-O'Connor, best kjent under artistnavnet Lorde, er en newzealandsk sanger og l\u00e5tskriver. Hun er mest kjent for sangen \u00abRoyals\u00bb. Sangen har ligget p\u00e5 f\u00f8rsteplass p\u00e5 hitlistene i b\u00e5de Storbritannia og USA.",
        "kostnader": 800,
        "billettpris": null,
        "behov": [],
        "rigging": []
    }
},
{
    "model": "app.consert",
    "pk": 11,
    "fields": {
        "artist": 12,
        "tidspunkt": "2016-06-14",
        "sceneNavn": "storhallen",
        "tilskuertall": 5000,
        "inntekter": 7000,
        "nokkelInfo": "The Rolling Stones er en engelsk rockegruppe dannet i 1962 av Mick Jagger, Keith Richards, Ian Stewart og Brian Jones. The Rolling Stones har fra 1963 v\u00e6rt et av de mest innflytelsesrike bandene innen rocken, og da The Beatles ble oppl\u00f8st i 1970, var det f\u00e5 som motsa dem n\u00e5r de kalte seg \u00abThe Greatest Rock and Roll Band in the World\u00bb.",
        "kostnader": 3000,
        "billettpris": null,
        "behov": [],
        "rigging": []
    }
},
{
    "model": "app.consert",
    "pk": 12,
    "fields": {
        "artist": 13,
        "tidspunkt": "2016-06-15",
        "sceneNavn": "hallen",
        "tilskuertall": 3000,
        "inntekter": 4000,
        "nokkelInfo": "Anton Igorevich Zaslavski, bedre kjent for sitt scene navn Zedd, er en russisk-tysk DJ, musiker og sangskribent.",
        "kostnader": 1300,
        "billettpris": null,
        "behov": [],
        "rigging": []
    }
},
{
    "model": "app.consert",
    "pk": 13,
    "fields": {
        "artist": 14,
        "tidspunkt": "2016-06-15",
        "sceneNavn": "hovedscenen",
        "tilskuertall": 3500,
        "inntekter": 2800,
        "nokkelInfo": "Bastille er et britisk indie band som ble formert i 2010.",
        "kostnader": 1200,
        "billettpris": null,
        "behov": [],
        "rigging": []
    }
},
{
    "model": "app.consert",
    "pk": 14,
    "fields": {
        "artist": 15,
        "tidspunkt": "2016-06-15",
        "sceneNavn": "storhallen",
        "tilskuertall": 5000,
        "inntekter": 8000,
        "nokkelInfo": "Robyn Rihanna Fenty, best kjent under artistnavnet Rihanna, (f\u00f8dt 20. februar 1988 i Saint Michael p\u00e5 Barbados) er en barbadisk vokalist, skuespiller og motedesigner.",
        "kostnader": 1500,
        "billettpris": null,
        "behov": [],
        "rigging": []
    }
},
{
    "model": "app.consert",
    "pk": 16,
    "fields": {
        "artist": 16,
        "tidspunkt": "2016-06-16",
        "sceneNavn": "storhallen",
        "tilskuertall": 5000,
        "inntekter": 6000,
        "nokkelInfo": "U2 er et irsk rockeband best\u00e5ende av Bono vokal og gitar, The Edge, gitar, piano og vokal, Adam Clayton, bass og Lawrence Mullen jr. p\u00e5 trommer. Siden midt p\u00e5 1980-tallet har bandet v\u00e6rt et av verdens mest popul\u00e6re band.",
        "kostnader": 2000,
        "billettpris": null,
        "behov": [],
        "rigging": []
    }
},
{
    "model": "app.consert",
    "pk": 17,
    "fields": {
        "artist": 17,
        "tidspunkt": "2016-06-16",
        "sceneNavn": "hallen",
        "tilskuertall": 3000,
        "inntekter": 4000,
        "nokkelInfo": "Fifth Harmony er en amerikansk jentegruppe som ble dannet i den andre sesongen av X-Factor. Gruppen best\u00e5r av Dinah Jane Hansen, Lauren Jauregui, Ally Brooke Hernandez og Normani Kordei.",
        "kostnader": 1000,
        "billettpris": null,
        "behov": [],
        "rigging": []
    }
},
{
    "model": "app.consert",
    "pk": 18,
    "fields": {
        "artist": 18,
        "tidspunkt": "2016-06-16",
        "sceneNavn": "hovedscenen",
        "tilskuertall": 3500,
        "inntekter": 5000,
        "nokkelInfo": "Kanye Omari West er en amerikansk plateprodusent og rapper. Hans debutalbum kom p\u00e5 andreplass p\u00e5 den amerikanske Billboard-lista; alle hans senere album har toppet den.",
        "kostnader": 1500,
        "billettpris": null,
        "behov": [],
        "rigging": []
    }
},
{
    "model": "app.consert",
    "pk": 19,
    "fields": {
        "artist": 19,
        "tidspunkt": "2016-06-17",
        "sceneNavn": "hallen",
        "tilskuertall": 3000,
        "inntekter": 4000,
        "nokkelInfo": "Aubrey Drake Graham, som opptrer under navnet Drake, er en kanadisk artist, rapper, l\u00e5tskriver og skuespiller. Han ble opprinnelig kjent for \u00e5 spille karakteren Jimmy Brooks i TV-serien Degrassi: The Next Generation.",
        "kostnader": 1000,
        "billettpris": null,
        "behov": [],
        "rigging": []
    }
},
{
    "model": "app.consert",
    "pk": 20,
    "fields": {
        "artist": 20,
        "tidspunkt": "2016-06-17",
        "sceneNavn": "storhallen",
        "tilskuertall": 5000,
        "inntekter": 7000,
        "nokkelInfo": "X Ambassadors er et amerikansk indieband fra Ithaca, New York.",
        "kostnader": 1700,
        "billettpris": null,
        "behov": [],
        "rigging": []
    }
},
{
    "model": "app.consert",
    "pk": 21,
    "fields": {
        "artist": 21,
        "tidspunkt": "2016-06-18",
        "sceneNavn": "storhallen",
        "tilskuertall": 5000,
        "inntekter": 6000,
        "nokkelInfo": "Peter Gene Hernandez best kjent som Bruno Mars, er en amerikansk sanger og produsent. Han er mest kjent for sine sanger \u00abJust the Way You Are\u00bb, \u00abThe Lazy Song\u00bb, \u00abGrenade\u00bb, \u00abIt Will Rain\u00bb og \u00abLighters\u00bb som er Bad Meets Evil sin sang.",
        "kostnader": 2200,
        "billettpris": null,
        "behov": [],
        "rigging": []
    }
},
{
    "model": "app.consert",
    "pk": 22,
    "fields": {
        "artist": 22,
        "tidspunkt": "2016-06-18",
        "sceneNavn": "hovedscenen",
        "tilskuertall": 3500,
        "inntekter": 5000,
        "nokkelInfo": "The Killers er et rockeband fra Las Vegas i USA som ble dannet i 2002. The Killers best\u00e5r av Brandon Flowers, David Keuning, Mark Stoermer og Ronnie Vannucci Jr. De slapp ut sitt debutalbum Hot Fuss i 2004.",
        "kostnader": 1300,
        "billettpris": null,
        "behov": [],
        "rigging": []
    }
},
{
    "model": "app.consert",
    "pk": 23,
    "fields": {
        "artist": 23,
        "tidspunkt": "2016-06-18",
        "sceneNavn": "hallen",
        "tilskuertall": 3000,
        "inntekter": 3000,
        "nokkelInfo": "Halsey er en amerikansk sanger og sangskribent.",
        "kostnader": 1000,
        "billettpris": null,
        "behov": [],
        "rigging": []
    }
},
{
    "model": "app.consert",
    "pk": 24,
    "fields": {
        "artist": 24,
        "tidspunkt": "2017-06-11",
        "sceneNavn": "hovedscenen",
        "tilskuertall": 3500,
        "inntekter": 7500,
        "nokkelInfo": "Alecia Beth Moore, bedre kjent under artistnavnet PINK eller P!nk, er en amerikansk sangerinne og l\u00e5tskriver som hadde sitt gjennombrudd i januar 2000.",
        "kostnader": 3000,
        "billettpris": null,
        "behov": [],
        "rigging": []
    }
},
{
    "model": "app.consert",
    "pk": 25,
    "fields": {
        "artist": 25,
        "tidspunkt": "2017-06-11",
        "sceneNavn": "hallen",
        "tilskuertall": 3000,
        "inntekter": 5000,
        "nokkelInfo": "Thomas Wesley Pentz, bedre kjent under artistnavnet Diplo, er en amerikansk dj, musikkprodusent, rapper og komponist fra Los Angeles, California.",
        "kostnader": 1000,
        "billettpris": null,
        "behov": [],
        "rigging": []
    }
},
{
    "model": "app.consert",
    "pk": 26,
    "fields": {
        "artist": 26,
        "tidspunkt": "2017-06-11",
        "sceneNavn": "storhallen",
        "tilskuertall": 5000,
        "inntekter": 8000,
        "nokkelInfo": "Shawn Corey Carter, bedre kjent som JAY Z, er en amerikansk rapper. Han slo igjennom med debutalbumet Reasonable Doubt i 1996 og har senere fulgt opp med album som blant annet The Blueprint og The Black Album.",
        "kostnader": 2000,
        "billettpris": null,
        "behov": [],
        "rigging": []
    }
},
{
    "model": "app.consert",
    "pk": 27,
    "fields": {
        "artist": 27,
        "tidspunkt": "2017-06-12",
        "sceneNavn": "hovedscenen",
        "tilskuertall": 3500,
        "inntekter": 4000,
        "nokkelInfo": "Justin Drew Bieber er en kanadisk popsanger og l\u00e5tskriver. Justin Bieber slo gjennom som 13-\u00e5ring og ble i l\u00f8pet av kort tid et stort ten\u00e5ringsidol, spesielt popul\u00e6r blant ten\u00e5ringsjenter",
        "kostnader": 2000,
        "billettpris": null,
        "behov": [],
        "rigging": []
    }
},
{
    "model": "app.consert",
    "pk": 28,
    "fields": {
        "artist": 28,
        "tidspunkt": "2017-06-12",
        "sceneNavn": "hallen",
        "tilskuertall": 3000,
        "inntekter": 4000,
        "nokkelInfo": "Ben Haggerty, bedre kjent som Macklemore, er en amerikansk rapper. Macklemore jobber med Ryan Lewis som er producer, Andrew Joslyn som spiller fiolin og Owour Arunga som spiller trompet",
        "kostnader": 1400,
        "billettpris": null,
        "behov": [],
        "rigging": []
    }
},
{
    "model": "app.consert",
    "pk": 29,
    "fields": {
        "artist": 29,
        "tidspunkt": "2017-06-12",
        "sceneNavn": "storhallen",
        "tilskuertall": 5000,
        "inntekter": 9000,
        "nokkelInfo": "Beyonc\u00e9 Giselle Knowles-Carter er en amerikansk R&B og popsanger. Hun er ogs\u00e5 en komponist, plateprodusent, skuespiller og danser.",
        "kostnader": 3000,
        "billettpris": null,
        "behov": [],
        "rigging": []
    }
},
{
    "model": "app.consert",
    "pk": 30,
    "fields": {
        "artist": 30,
        "tidspunkt": "2017-06-13",
        "sceneNavn": "hallen",
        "tilskuertall": 3000,
        "inntekter": 4000,
        "nokkelInfo": "PVRIS er et amerikansk indie rock band fra Lowell, Massachusetts med medlemmene Lynn Gunn, Alex Babinski, og Brian MacDonald.",
        "kostnader": 500,
        "billettpris": null,
        "behov": [],
        "rigging": []
    }
},
{
    "model": "app.consert",
    "pk": 31,
    "fields": {
        "artist": 31,
        "tidspunkt": "2017-06-13",
        "sceneNavn": "hovedscenen",
        "tilskuertall": 3500,
        "inntekter": 5000,
        "nokkelInfo": "Astrid Smeplass, ogs\u00e5 kjent under artistnavnet Astrid S, er en norsk musiker og l\u00e5tskriver som kom p\u00e5 femteplass i Idol 2013.",
        "kostnader": 1300,
        "billettpris": null,
        "behov": [],
        "rigging": []
    }
},
{
    "model": "app.consert",
    "pk": 32,
    "fields": {
        "artist": 32,
        "tidspunkt": "2017-06-13",
        "sceneNavn": "storhallen",
        "tilskuertall": 5000,
        "inntekter": 6000,
        "nokkelInfo": "Charles Otto \"Charlie\" Puth Jr. er en amerikansk sanger og l\u00e5tskriver. Han er mest kjent for See You Again, som er fra Furious 7, skrevet som en hyllest til Paul Walker.",
        "kostnader": 1000,
        "billettpris": null,
        "behov": [],
        "rigging": []
    }
},
{
    "model": "app.consert",
    "pk": 33,
    "fields": {
        "artist": 33,
        "tidspunkt": "2017-06-14",
        "sceneNavn": "hovedscenen",
        "tilskuertall": 3500,
        "inntekter": 7000,
        "nokkelInfo": "Paramore er et amerikansk band som ble dannet i Franklin, Tennessee i 2004 av Hayley Williams, Josh Farro, Jeremy Davis og Zac Farro.",
        "kostnader": 3000,
        "billettpris": null,
        "behov": [],
        "rigging": []
    }
},
{
    "model": "app.consert",
    "pk": 34,
    "fields": {
        "artist": 34,
        "tidspunkt": "2017-06-14",
        "sceneNavn": "hallen",
        "tilskuertall": 3000,
        "inntekter": 6000,
        "nokkelInfo": "Twenty One Pilots er en Grammy-vinnende amerikansk musikkduo fra Columbus i Ohio. Bandet ble dannet i 2009 av Tyler Joseph sammen med tidligere medlemmer Nick Thomas og Chris Salih, som til slutt igjen i 2011, og for tiden best\u00e5r av vokalist og keyboardist Tyler Joseph og trommeslager Joshua William Dun. Duoen ble kjent i midten av 2010-\u00e5rene, etter flere \u00e5r med turnering og uavhengige utgivelser.",
        "kostnader": 1300,
        "billettpris": null,
        "behov": [],
        "rigging": []
    }
},
{
    "model": "app.consert",
    "pk": 35,
    "fields": {
        "artist": 35,
        "tidspunkt": "2017-06-14",
        "sceneNavn": "storhallen",
        "tilskuertall": 5000,
        "inntekter": 7000,
        "nokkelInfo": "Coldplay er et britisk band, dannet i London, England i 1996. Gruppen best\u00e5r av vokalist/pianist/gitarist Chris Martin, sologitarist Jonny Buckland, bassist Guy Berryman og trommeslager/multiinstrumentalist Will Champion.",
        "kostnader": 2000,
        "billettpris": null,
        "behov": [],
        "rigging": []
    }
},
{
    "model": "app.consert",
    "pk": 36,
    "fields": {
        "artist": 36,
        "tidspunkt": "2017-06-15",
        "sceneNavn": "hallen",
        "tilskuertall": 3000,
        "inntekter": 5000,
        "nokkelInfo": "Shawn Peter Raul Mendes er en canadisk artist og l\u00e5tskriver fra Toronto, Ontario i Canada. Mendes begynte \u00e5 poste covre p\u00e5 YouTube hvor han sang og spilte gitar i 2012/2013, men han ble ikke kjent f\u00f8r han begynte \u00e5 poste videoer hvor han gjorde det samme p\u00e5 Vine i 2013.",
        "kostnader": 800,
        "billettpris": null,
        "behov": [],
        "rigging": []
    }
},
{
    "model": "app.consert",
    "pk": 37,
    "fields": {
        "artist": 37,
        "tidspunkt": "2017-06-15",
        "sceneNavn": "hovedscenen",
        "tilskuertall": 3500,
        "inntekter": 5000,
        "nokkelInfo": "Maroon 5 er en Grammy Awards-prisvinnende pop/rock-gruppe som kommer fra Los Angeles i California.",
        "kostnader": 2400,
        "billettpris": null,
        "behov": [],
        "rigging": []
    }
},
{
    "model": "app.consert",
    "pk": 38,
    "fields": {
        "artist": 38,
        "tidspunkt": "2017-06-15",
        "sceneNavn": "storhallen",
        "tilskuertall": 5000,
        "inntekter": 7000,
        "nokkelInfo": "Samuel Frederick \u00abSam\u00bb Smith er en engelsk sanger-l\u00e5tskriver. Han ble kjent i oktober 2012 var med p\u00e5 Disclosures gjennombruddsingle \u00abLatch\u00bb, som n\u00e5dde til 11.plass p\u00e5 UK Singles Chart.",
        "kostnader": 1000,
        "billettpris": null,
        "behov": [],
        "rigging": []
    }
},
{
    "model": "app.consert",
    "pk": 39,
    "fields": {
        "artist": 39,
        "tidspunkt": "2017-06-16",
        "sceneNavn": "hallen",
        "tilskuertall": 3000,
        "inntekter": 5000,
        "nokkelInfo": "Lukas Graham er et dansk pop rock-soul band som best\u00e5r av Lukas Graham Forchhammer, Mark \u00abLovestick\u00bb Falgren, Magnus \u00abMagn\u00fam\u00bb Larsson og Kasper Daugaard.",
        "kostnader": 1300,
        "billettpris": null,
        "behov": [],
        "rigging": []
    }
},
{
    "model": "app.consert",
    "pk": 40,
    "fields": {
        "artist": 40,
        "tidspunkt": "2017-06-16",
        "sceneNavn": "hovedscenen",
        "tilskuertall": 3500,
        "inntekter": 5500,
        "nokkelInfo": "Echosmith er et amerikansk indiepop/rock-band, stiftet i Chino, California i februar 2009. Bandet er en s\u00f8skenflokk p\u00e5 fire: Graham, Sydney, Noah og Jamie Sierota. Echosmith ble signert til Warner Bros. Records i mai 2012.",
        "kostnader": 1200,
        "billettpris": null,
        "behov": [],
        "rigging": []
    }
},
{
    "model": "app.consert",
    "pk": 41,
    "fields": {
        "artist": 41,
        "tidspunkt": "2017-06-16",
        "sceneNavn": "storhallen",
        "tilskuertall": 5000,
        "inntekter": 6500,
        "nokkelInfo": "Kyrre G\u00f8rvell-Dahll, bedre kjent under artistnavnet Kygo, er en EDM-musiker fra Fana i Bergen i Hordaland. Han ble kjent gjennom nettstedene YouTube og SoundCloud, der han publiserer sin musikk som samlet har over 400 millioner treff.",
        "kostnader": 1200,
        "billettpris": null,
        "behov": [],
        "rigging": []
    }
},
{
    "model": "app.consert",
    "pk": 42,
    "fields": {
        "artist": 42,
        "tidspunkt": "2017-06-17",
        "sceneNavn": "hallen",
        "tilskuertall": 3000,
        "inntekter": 5000,
        "nokkelInfo": "Mumford & Sons er et engelsk folkrock/indiefolk-band.",
        "kostnader": 700,
        "billettpris": null,
        "behov": [],
        "rigging": []
    }
},
{
    "model": "app.consert",
    "pk": 43,
    "fields": {
        "artist": 43,
        "tidspunkt": "2017-06-17",
        "sceneNavn": "hovedscenen",
        "tilskuertall": 3500,
        "inntekter": 6500,
        "nokkelInfo": "ZAYN er en britisk sanger og l\u00e5tskriver som originalt var med i bandet One Direction, f\u00f8r han forlot det og bandet senere ble brutt av de resterende medlemmene.",
        "kostnader": 2300,
        "billettpris": null,
        "behov": [],
        "rigging": []
    }
},
{
    "model": "app.consert",
    "pk": 44,
    "fields": {
        "artist": 44,
        "tidspunkt": "2017-06-17",
        "sceneNavn": "storhallen",
        "tilskuertall": 5000,
        "inntekter": 7000,
        "nokkelInfo": "Edward Christopher Sheeran, eller Ed Sheeran, er en britisk sanger og l\u00e5tskriver. Han ble f\u00f8dt og oppvokst i Framlingham, Suffolk, og flyttet til London i 2008 for \u00e5 satse p\u00e5 musikken. I 2011 ga Sheeran ut en EP kalt No.",
        "kostnader": 1000,
        "billettpris": null,
        "behov": [],
        "rigging": []
    }
},
{
    "model": "app.consert",
    "pk": 45,
    "fields": {
        "artist": 17,
        "tidspunkt": "2018-06-15",
        "sceneNavn": "hallen",
        "tilskuertall": 3000,
        "inntekter": 3000,
        "nokkelInfo": "",
        "kostnader": 300,
        "billettpris": null,
        "behov": [
            3
        ],
        "rigging": [
            3
        ]
    }
},
{
    "model": "app.consert",
    "pk": 46,
    "fields": {
        "artist": 39,
        "tidspunkt": "2018-06-15",
        "sceneNavn": "hovedscenen",
        "tilskuertall": 3500,
        "inntekter": 4000,
        "nokkelInfo": "Lukas Graham er et dansk pop rock-soul band som best\u00e5r av Lukas Graham Forchhammer, Mark \u00abLovestick\u00bb Falgren, Magnus \u00abMagn\u00fam\u00bb Larsson og Kasper Daugaard.",
        "kostnader": 400,
        "billettpris": null,
        "behov": [],
        "rigging": [
            2
        ]
    }
},
{
    "model": "app.consert",
    "pk": 47,
    "fields": {
        "artist": 29,
        "tidspunkt": "2018-06-10",
        "sceneNavn": "storhallen",
        "tilskuertall": 5000,
        "inntekter": 6000,
        "nokkelInfo": "",
        "kostnader": 3000,
        "billettpris": null,
        "behov": [],
        "rigging": [
            2
        ]
    }
},
{
    "model": "app.consert",
    "pk": 48,
    "fields": {
        "artist": 15,
        "tidspunkt": "2018-06-12",
        "sceneNavn": "hovedscenen",
        "tilskuertall": 3500,
        "inntekter": 4000,
        "nokkelInfo": "",
        "kostnader": 2000,
        "billettpris": null,
        "behov": [],
        "rigging": [
            4
        ]
    }
},
{
    "model": "app.consert",
    "pk": 49,
    "fields": {
        "artist": 12,
        "tidspunkt": "2018-06-14",
        "sceneNavn": "storhallen",
        "tilskuertall": 5000,
        "inntekter": 6000,
        "nokkelInfo": "",
        "kostnader": 3500,
        "billettpris": null,
        "behov": [],
        "rigging": [
            5
        ]
    }
},
{
    "model": "app.consert",
    "pk": 50,
    "fields": {
        "artist": 20,
        "tidspunkt": "2018-06-11",
        "sceneNavn": "storhallen",
        "tilskuertall": 5000,
        "inntekter": 4500,
        "nokkelInfo": "",
        "kostnader": 2300,
        "billettpris": null,
        "behov": [],
        "rigging": [
            6
        ]
    }
},
{
    "model": "app.consert",
    "pk": 51,
    "fields": {
        "artist": 26,
        "tidspunkt": "2018-06-16",
        "sceneNavn": "storhallen",
        "tilskuertall": 5000,
        "inntekter": 6000,
        "nokkelInfo": "",
        "kostnader": 3000,
        "billettpris": null,
        "behov": [],
        "rigging": [
            6
        ]
    }
},
{
    "model": "app.consert",
    "pk": 52,
    "fields": {
        "artist": 35,
        "tidspunkt": "2018-06-11",
        "sceneNavn": "hovedscenen",
        "tilskuertall": 3500,
        "inntekter": 4000,
        "nokkelInfo": "",
        "kostnader": 2100,
        "billettpris": null,
        "behov": [
            1,
            2
        ],
        "rigging": [
            5
        ]
    }
},
{
    "model": "app.tilbud",
    "pk": 4,
    "fields": {
        "artist": 21,
        "soknad": "Spilte i 2016 med stor suksess.",
        "pris": 3000,
        "tidspunkt": "2018-06-15",
        "scene_navn": "storhallen",
        "godkjent_av_bookingsjef": false,
        "sendt_av_ansvarlig": null,
        "godkjent_av_manager": null
    }
},
{
    "model": "app.tilbud",
    "pk": 5,
    "fields": {
        "artist": 21,
        "soknad": "Spilte i 2016, veldig popul\u00e6r. Sjekket dato p\u00e5 nytt for at det ikke skal krasje med andre konserter",
        "pris": 3000,
        "tidspunkt": "2018-06-13",
        "scene_navn": "storhallen",
        "godkjent_av_bookingsjef": true,
        "sendt_av_ansvarlig": true,
        "godkjent_av_manager": false
    }
},
{
    "model": "app.tilbud",
    "pk": 6,
    "fields": {
        "artist": 31,
        "soknad": "Blitt mer og mer popul\u00e6r i l\u00f8pet av \u00e5ret",
        "pris": 2500,
        "tidspunkt": "2018-06-13",
        "scene_navn": "hovedscenen",
        "godkjent_av_bookingsjef": true,
        "sendt_av_ansvarlig": null,
        "godkjent_av_manager": null
    }
},
{
    "model": "app.tilbud",
    "pk": 7,
    "fields": {
        "artist": 35,
        "soknad": "Alltid et popul\u00e6rt band.",
        "pris": 4000,
        "tidspunkt": "2018-06-11",
        "scene_navn": "hovedscenen",
        "godkjent_av_bookingsjef": true,
        "sendt_av_ansvarlig": true,
        "godkjent_av_manager": true
    }
},
{
    "model": "app.tilbud",
    "pk": 8,
    "fields": {
        "artist": 41,
        "soknad": "Spilte i 2017, veldig popul\u00e6r.",
        "pris": 3500,
        "tidspunkt": "2018-06-12",
        "scene_navn": "hallen",
        "godkjent_av_bookingsjef": true,
        "sendt_av_ansvarlig": true,
        "godkjent_av_manager": null
    }
},
{
    "model": "app.tilbud",
    "pk": 9,
    "fields": {
        "artist": 42,
        "soknad": "Spilte i 2017, bra greier.",
        "pris": 2500,
        "tidspunkt": "2018-06-16",
        "scene_navn": "hallen",
        "godkjent_av_bookingsjef": null,
        "sendt_av_ansvarlig": null,
        "godkjent_av_manager": null
    }
},
{
    "model": "app.band_info",
    "pk": 1,
    "fields": {
        "band": "Queen",
        "nokkelInfo": "Queen er et britisk rockeband, hvis storhetstid var p\u00e5 1970- og 80-tallet. Bandet er spesielt kjent for klassiske rockesanger, spesielt \u00abWe Are the Champions\u00bb, \u00abWe Will Rock You\u00bb og \u00abBohemian Rhapsody\u00bb. Frontmann og vokalist Freddie Mercury d\u00f8de i november 1991.",
        "stromtjeneste": "14,719,694 m\u00e5nedlig lyttere, 91. plass i verden (Spotify)",
        "albumSalg": "Estimert salg: 200 millioner plater",
        "norskeKonserter": "November 1974,\r\nApril 1982"
    }
},
{
    "model": "app.band_info",
    "pk": 2,
    "fields": {
        "band": "Michael Jackson",
        "nokkelInfo": "Michael Joseph Jackson var en amerikansk artist, danser, l\u00e5tskriver og filantrop. Jackson er anerkjent som den mest suksessrike artisten gjennom tidene av Guinness World Records og blir referert til som \u00abkongen av pop\u00bb.",
        "stromtjeneste": "17,660,293 m\u00e5nedlige lyttere, 64. plass i verden (Spotify)",
        "albumSalg": "Estimert salg: over 350 millioner plater",
        "norskeKonserter": "Juli 1992, \r\nAugust 1997"
    }
},
{
    "model": "app.band_info",
    "pk": 4,
    "fields": {
        "band": "Green Day",
        "nokkelInfo": "Green Day er et amerikansk punkband fra East Bay i California. Green Day har solgt over 80 millioner plater verden over, og er verdens mestselgende band innenfor sin sjanger. De er ogs\u00e5 kjent som \u00abverdens beste liveband\u00bb for sitt elleville show.",
        "stromtjeneste": "10,733,641 m\u00e5nedlige lyttere, 132. plass i verden (Spotify)",
        "albumSalg": "Estimert salg: over 85 millioner plater.",
        "norskeKonserter": "August 1995, Oktober 2009, Juni 2013, Januar 2017"
    }
},
{
    "model": "app.band_info",
    "pk": 5,
    "fields": {
        "band": "Imagine Dragons",
        "nokkelInfo": "Imagine Dragons er et amerikansk alternativt rockband med Dan Reynolds, gitaristen Wayne Sermon, bassisten Ben McKee og trommespiller Daniel Platzman. Bandet ble grunnlagt i Las Vegas i USA i 2008 og fikk sin internasjonale popularitet i 2011. De mest kjente sangene er \u00abRadioactive\u00bb, \u00abDemons\u00bb, \u00abIt's Time\u00bb og \u00abI Bet My Life\u00bb, og de mest kjente albumene er Night Visions og Smoke+Mirrors.",
        "stromtjeneste": "30,815,580 m\u00e5nedlig lyttere, 9. plass i verden. (Spotify)",
        "albumSalg": "Estimert salg: 10 millioner plater",
        "norskeKonserter": "-"
    }
},
{
    "model": "app.band_info",
    "pk": 6,
    "fields": {
        "band": "Justin Timberlake",
        "nokkelInfo": "Justin Randall Timberlake er en amerikansk sanger og skuespiller, som ble kjent som vokalist i popgruppen 'N Sync.",
        "stromtjeneste": "15,731,534 m\u00e5nedlig lyttere, 84. plass i verden (Spotify)",
        "albumSalg": "Estimert Salg: over 26 millioner plater.",
        "norskeKonserter": "Juni 2007, Mai 2014"
    }
},
{
    "model": "app.band_info",
    "pk": 7,
    "fields": {
        "band": "Usher",
        "nokkelInfo": "Usher Raymond IV er en hiphop-, soul- og R&B-artist.",
        "stromtjeneste": "10,596,152 m\u00e5nedlig lyttere, 131. plass i verden. (Spotify)",
        "albumSalg": "Estimert salg: 75 millioner plater.",
        "norskeKonserter": "-"
    }
},
{
    "model": "app.band_info",
    "pk": 8,
    "fields": {
        "band": "Nicki Minaj",
        "nokkelInfo": "Onika Tanya Maraj, mest kjent som Nicki Minaj, er en amerikansk rapper, l\u00e5tskriver og Skuespiller.",
        "stromtjeneste": "24,802,812 m\u00e5nedlig lytter, 30. plass i verden. (Spotify)",
        "albumSalg": "Estimert Salg: 85 millioner plater",
        "norskeKonserter": "Juni 2012, Mars 2015"
    }
},
{
    "model": "app.band_info",
    "pk": 9,
    "fields": {
        "band": "OneRepublic",
        "nokkelInfo": "OneRepublic er et amerikansk rockband fra Colorado Springs, Colorado. Gruppen ble dannet i 2002 av Ryan Tedder og Zach Filkins. Bandet oppn\u00e5dde massive suksess p\u00e5 MySpace, og ble den mest fremtredende usignerte handling p\u00e5 nettsiden. De signerte med Mosley Music Group i 2006, og ga ut sitt debutalbum, Dreaming Out Loud, i 2007.",
        "stromtjeneste": "17,955,393 m\u00e5nedlig lyttere, 62. plass i verden. (Spotify)",
        "albumSalg": "Estimert Salg: over 10 millioner plater.",
        "norskeKonserter": "-"
    }
},
{
    "model": "app.band_info",
    "pk": 10,
    "fields": {
        "band": "HAIM",
        "nokkelInfo": "HAIM er et amerikansk indie band fra Los Angeles. Gruppen best\u00e5r av tre s\u00f8stre.",
        "stromtjeneste": "2,976,485 m\u00e5nedlig lyttere. (Spotify)",
        "albumSalg": "Estimert Salg: 1 million plater.",
        "norskeKonserter": "-"
    }
},
{
    "model": "app.band_info",
    "pk": 11,
    "fields": {
        "band": "AC/DC",
        "nokkelInfo": "AC/DC er et Grammy Award-vinnende hardrockband fra Australia. Bandet ble stiftet i 1973 av Angus Young, Malcolm Young, Dave Evans, Larry van Kriedt og Colin Burgess.",
        "stromtjeneste": "10,998,415 m\u00e5nedlige lyttere, 121. plass i verden. (Spotify)",
        "albumSalg": "Estimert Salg: 200 millioner plater.",
        "norskeKonserter": "November 1980, Februar 1986, Mars 1988, Mars 1991, April 1996, November 2000, Februar 2009, Juli 2015"
    }
},
{
    "model": "app.band_info",
    "pk": 12,
    "fields": {
        "band": "Eminem",
        "nokkelInfo": "Marshall Bruce Mathers III, bedre kjent under artistnavnet Eminem og tidligere kjent under navnet Slim Shady, er en amerikansk rapper. Han har vunnet Grammy- og Oscarpriser for musikken sin.",
        "stromtjeneste": "21,447,119 m\u00e5nedlig lyttere, 44. plass i verden. (Spotify)",
        "albumSalg": "Estimert salg: 155 millioner plater.",
        "norskeKonserter": "Februar 2001"
    }
},
{
    "model": "app.band_info",
    "pk": 13,
    "fields": {
        "band": "Lorde",
        "nokkelInfo": "Ella Maria Lani Yelich-O'Connor, best kjent under artistnavnet Lorde, er en newzealandsk sanger og l\u00e5tskriver. Hun er mest kjent for sangen \u00abRoyals\u00bb. Sangen har ligget p\u00e5 f\u00f8rsteplass p\u00e5 hitlistene i b\u00e5de Storbritannia og USA.",
        "stromtjeneste": "16,821,204 m\u00e5nedlig lyttere, 72. plass i verden. (Spotify)",
        "albumSalg": "Estimert Salg: over 17 millioner plater.",
        "norskeKonserter": "Oktober 2017"
    }
},
{
    "model": "app.band_info",
    "pk": 14,
    "fields": {
        "band": "The Rolling Stones",
        "nokkelInfo": "The Rolling Stones er en engelsk rockegruppe dannet i 1962 av Mick Jagger, Keith Richards, Ian Stewart og Brian Jones. The Rolling Stones har fra 1963 v\u00e6rt et av de mest innflytelsesrike bandene innen rocken, og da The Beatles ble oppl\u00f8st i 1970, var det f\u00e5 som motsa dem n\u00e5r de kalte seg \u00abThe Greatest Rock and Roll Band in the World\u00bb.",
        "stromtjeneste": "10,292,086 m\u00e5nedlig lyttere, 137. plass i verden. (Spotify)",
        "albumSalg": "Estimert Salg: 200 millioner plater.",
        "norskeKonserter": "August 1990, Juni 1995, August 1998, September 2006, Mai 2014"
    }
},
{
    "model": "app.band_info",
    "pk": 15,
    "fields": {
        "band": "Zedd",
        "nokkelInfo": "Anton Igorevich Zaslavski, bedre kjent for sitt scene navn Zedd, er en russisk-tysk DJ, musiker og sangskribent.",
        "stromtjeneste": "13,146,494 m\u00e5nedlige lyttere, 106. plass i verden. (Spotify)",
        "albumSalg": "Estimert Salg: 1 million plater",
        "norskeKonserter": "November 2015,"
    }
},
{
    "model": "app.band_info",
    "pk": 16,
    "fields": {
        "band": "Bastille",
        "nokkelInfo": "Bastille er et britisk indie band som ble formert i 2010.",
        "stromtjeneste": "6,599,193 m\u00e5nedlige lyttere, 298. plass i verden. (Spotify)",
        "albumSalg": "Estimert Salg: 1 million plater.",
        "norskeKonserter": "November 2016"
    }
},
{
    "model": "app.band_info",
    "pk": 17,
    "fields": {
        "band": "Rihanna",
        "nokkelInfo": "Robyn Rihanna Fenty, best kjent under artistnavnet Rihanna, (f\u00f8dt 20. februar 1988 i Saint Michael p\u00e5 Barbados) er en barbadisk vokalist, skuespiller og motedesigner.",
        "stromtjeneste": "26,658,481 m\u00e5nedlige lyttere, 22. plass i verden. (Spotify)",
        "albumSalg": "Estimert salg: 230 millioner plater.",
        "norskeKonserter": "August 2011, Oktober 2011, Juli 2013, Juli 2016"
    }
},
{
    "model": "app.band_info",
    "pk": 18,
    "fields": {
        "band": "U2",
        "nokkelInfo": "U2 er et irsk rockeband best\u00e5ende av Bono vokal og gitar, The Edge, gitar, piano og vokal, Adam Clayton, bass og Lawrence Mullen jr. p\u00e5 trommer. Siden midt p\u00e5 1980-tallet har bandet v\u00e6rt et av verdens mest popul\u00e6re band.",
        "stromtjeneste": "9,173,827 m\u00e5nedlige lyttere, 168. plass i verden. (Spotify)",
        "albumSalg": "Estimert salg: 150 millioner plater.",
        "norskeKonserter": "Desember 1982, Januar 1985, Juli 1993, August 1997, Juli 2005"
    }
},
{
    "model": "auth.user",
    "pk": 1,
    "fields": {
        "password": "pbkdf2_sha256$36000$tmtdK44FDJpJ$hlT3H+QaXbnuoiIXvy3ADCdiKFON/5uZeneQKph685g=",
        "last_login": "2017-11-09T11:52:19.865Z",
        "is_superuser": true,
        "username": "admin",
        "first_name": "",
        "last_name": "",
        "email": "admin@example.com",
        "is_staff": true,
        "is_active": true,
        "date_joined": "2017-10-25T09:32:48.775Z",
        "groups": [],
        "user_permissions": []
    }
},
{
    "model": "auth.user",
    "pk": 2,
    "fields": {
        "password": "pbkdf2_sha256$36000$tYVGjxHoGHyo$MgW009s4xu7/5ecVN0RkYjEijqFGksoziSSQopAiSHg=",
        "last_login": null,
        "is_superuser": false,
        "username": "arr",
        "first_name": "",
        "last_name": "",
        "email": "",
        "is_staff": false,
        "is_active": true,
        "date_joined": "2017-10-25T10:27:48.455Z",
        "groups": [],
        "user_permissions": []
    }
},
{
    "model": "auth.user",
    "pk": 3,
    "fields": {
        "password": "pbkdf2_sha256$36000$o8RGpCvbBXUC$Fn9QFR6zmLaqUoXiSdfcAn0afO30I8EgDZ3rAEgboaQ=",
        "last_login": "2017-11-09T21:11:37.373Z",
        "is_superuser": false,
        "username": "ba",
        "first_name": "",
        "last_name": "",
        "email": "",
        "is_staff": false,
        "is_active": true,
        "date_joined": "2017-10-25T10:47:13.016Z",
        "groups": [],
        "user_permissions": []
    }
},
{
    "model": "auth.user",
    "pk": 4,
    "fields": {
        "password": "pbkdf2_sha256$36000$ZLs2Y7tDpxUf$TuCutB+gvYe5TPUJgp/09zoVJMS2lLxXJ6o+T3s9F0E=",
        "last_login": "2017-11-09T21:10:30.288Z",
        "is_superuser": false,
        "username": "bs",
        "first_name": "",
        "last_name": "",
        "email": "",
        "is_staff": false,
        "is_active": true,
        "date_joined": "2017-10-25T10:47:26.329Z",
        "groups": [],
        "user_permissions": []
    }
},
{
    "model": "auth.user",
    "pk": 5,
    "fields": {
        "password": "pbkdf2_sha256$36000$Rmhf8t4s4aHq$9lVVa9CIRnwkfCxW+urXe5fZDhaw1Kgb6fZ2u8gOZtc=",
        "last_login": null,
        "is_superuser": false,
        "username": "man",
        "first_name": "",
        "last_name": "",
        "email": "",
        "is_staff": false,
        "is_active": true,
        "date_joined": "2017-10-25T10:47:42.681Z",
        "groups": [],
        "user_permissions": []
    }
},
{
    "model": "auth.user",
    "pk": 6,
    "fields": {
        "password": "pbkdf2_sha256$36000$CeOLegib9KjN$SQ6WGra05t6eXK9fVLeNkHxGuti2SH23RV/XaakCrYI=",
        "last_login": null,
        "is_superuser": false,
        "username": "lys",
        "first_name": "",
        "last_name": "",
        "email": "",
        "is_staff": false,
        "is_active": true,
        "date_joined": "2017-10-25T10:47:57.362Z",
        "groups": [],
        "user_permissions": []
    }
},
{
    "model": "auth.user",
    "pk": 7,
    "fields": {
        "password": "pbkdf2_sha256$36000$BOZ4kCTYq83Q$Nh2740966Vw1JSknVhEpwb0m/IRaIChRD2QRtnCLShU=",
        "last_login": "2017-11-09T20:47:48.590Z",
        "is_superuser": false,
        "username": "lyd",
        "first_name": "",
        "last_name": "",
        "email": "",
        "is_staff": false,
        "is_active": true,
        "date_joined": "2017-10-25T10:48:12.048Z",
        "groups": [],
        "user_permissions": []
    }
},
{
    "model": "auth.user",
    "pk": 8,
    "fields": {
        "password": "pbkdf2_sha256$36000$lwqX3tngeFAz$+oBd2d7TnhqYzhLo3R37H3gl0BPjvFSQmeE2Q1R8Cqk=",
        "last_login": null,
        "is_superuser": false,
        "username": "Jonah",
        "first_name": "",
        "last_name": "",
        "email": "",
        "is_staff": false,
        "is_active": true,
        "date_joined": "2017-11-09T05:58:40.172Z",
        "groups": [],
        "user_permissions": []
    }
},
{
    "model": "auth.user",
    "pk": 9,
    "fields": {
        "password": "pbkdf2_sha256$36000$5es0bumQLSzF$DLtfjocQqgTAWJeCa5gVGk8rZ+rOVfvgokQc70KFOj0=",
        "last_login": null,
        "is_superuser": false,
        "username": "Emilia",
        "first_name": "",
        "last_name": "",
        "email": "",
        "is_staff": false,
        "is_active": true,
        "date_joined": "2017-11-09T05:58:55.081Z",
        "groups": [],
        "user_permissions": []
    }
},
{
    "model": "auth.user",
    "pk": 10,
    "fields": {
        "password": "pbkdf2_sha256$36000$vB6z5uz1tndC$QJw8Xd0rLCHSn2Vnw3fEgWVCgtuNerF4zMZ92/A657c=",
        "last_login": null,
        "is_superuser": false,
        "username": "Kylan",
        "first_name": "",
        "last_name": "",
        "email": "",
        "is_staff": false,
        "is_active": true,
        "date_joined": "2017-11-09T05:59:36.839Z",
        "groups": [],
        "user_permissions": []
    }
},
{
    "model": "auth.user",
    "pk": 11,
    "fields": {
        "password": "pbkdf2_sha256$36000$Sk1DK62Lx13Y$DnVWGAzSRKkqBj7wlPNGbp04MmsNsRtXp4+snblA578=",
        "last_login": null,
        "is_superuser": false,
        "username": "Zander",
        "first_name": "",
        "last_name": "",
        "email": "",
        "is_staff": false,
        "is_active": true,
        "date_joined": "2017-11-09T05:59:50.637Z",
        "groups": [],
        "user_permissions": []
    }
},
{
    "model": "auth.user",
    "pk": 12,
    "fields": {
        "password": "pbkdf2_sha256$36000$FKTEVUuMWpSq$KJ4bp4QzII6XZNxgJLHXMyx8CpdkjocygQ6Wefx73kc=",
        "last_login": null,
        "is_superuser": false,
        "username": "Tyler",
        "first_name": "",
        "last_name": "",
        "email": "",
        "is_staff": false,
        "is_active": true,
        "date_joined": "2017-11-09T06:00:02.962Z",
        "groups": [],
        "user_permissions": []
    }
},
{
    "model": "auth.user",
    "pk": 13,
    "fields": {
        "password": "pbkdf2_sha256$36000$3xM5UdCjiiCl$y2azg3/u5uBLD9zFQQO0IP3p1S3I0U1Eo0BHZlo3jIU=",
        "last_login": null,
        "is_superuser": false,
        "username": "Samuel",
        "first_name": "",
        "last_name": "",
        "email": "",
        "is_staff": false,
        "is_active": true,
        "date_joined": "2017-11-09T06:00:18.276Z",
        "groups": [],
        "user_permissions": []
    }
},
{
    "model": "auth.user",
    "pk": 14,
    "fields": {
        "password": "pbkdf2_sha256$36000$QJxIJKSa5Xq0$av9uNTQSQJNyclNa37RcQazZ4YeR9w6C9axzOY3xlIU=",
        "last_login": null,
        "is_superuser": false,
        "username": "Josie",
        "first_name": "",
        "last_name": "",
        "email": "",
        "is_staff": false,
        "is_active": true,
        "date_joined": "2017-11-09T06:00:27.957Z",
        "groups": [],
        "user_permissions": []
    }
},
{
    "model": "auth.user",
    "pk": 15,
    "fields": {
        "password": "pbkdf2_sha256$36000$ajgWSJAJJwRy$kQv83OMvWwmlGLsym0NEUN/hSCcTOJ7gVN0PF1oCK7M=",
        "last_login": null,
        "is_superuser": false,
        "username": "Jude",
        "first_name": "",
        "last_name": "",
        "email": "",
        "is_staff": false,
        "is_active": true,
        "date_joined": "2017-11-09T06:01:24.779Z",
        "groups": [],
        "user_permissions": []
    }
},
{
    "model": "auth.user",
    "pk": 16,
    "fields": {
        "password": "pbkdf2_sha256$36000$mh8G74Jkr2Kw$ng6Y2JmE7iQyV/+nrgadf8uQdlqSR7EyppgV4yHXjD4=",
        "last_login": null,
        "is_superuser": false,
        "username": "Leslie",
        "first_name": "",
        "last_name": "",
        "email": "",
        "is_staff": false,
        "is_active": true,
        "date_joined": "2017-11-09T06:01:35.371Z",
        "groups": [],
        "user_permissions": []
    }
},
{
    "model": "auth.user",
    "pk": 17,
    "fields": {
        "password": "pbkdf2_sha256$36000$udzTVm69sWiO$XzEfuOfAavbv9Z4VD44lbaEwCwY0FvEcBySdI1rVQE8=",
        "last_login": null,
        "is_superuser": false,
        "username": "Marvin",
        "first_name": "",
        "last_name": "",
        "email": "",
        "is_staff": false,
        "is_active": true,
        "date_joined": "2017-11-09T06:01:50.182Z",
        "groups": [],
        "user_permissions": []
    }
},
{
    "model": "auth.user",
    "pk": 18,
    "fields": {
        "password": "pbkdf2_sha256$36000$OuLErHVg2gnc$8vt9zxVQm8nmwctMnET8VjyhrEdzeumonu7x/8pPPAQ=",
        "last_login": null,
        "is_superuser": false,
        "username": "Diana",
        "first_name": "",
        "last_name": "",
        "email": "",
        "is_staff": false,
        "is_active": true,
        "date_joined": "2017-11-09T06:02:10.793Z",
        "groups": [],
        "user_permissions": []
    }
},
{
    "model": "auth.user",
    "pk": 19,
    "fields": {
        "password": "pbkdf2_sha256$36000$LxucbxGzaNzt$yqVRwIfWsHQLDb4EMgam7R4sJduFSfGbsOktzLd0ct4=",
        "last_login": null,
        "is_superuser": false,
        "username": "Howard",
        "first_name": "",
        "last_name": "",
        "email": "",
        "is_staff": false,
        "is_active": true,
        "date_joined": "2017-11-09T06:02:21.071Z",
        "groups": [],
        "user_permissions": []
    }
},
{
    "model": "auth.user",
    "pk": 20,
    "fields": {
        "password": "pbkdf2_sha256$36000$OLYxJRmWN6LS$o8q93sSRoSmsg4VqNx3jz4HYpuRSLNULr7Gz97P53SU=",
        "last_login": null,
        "is_superuser": false,
        "username": "Ezikiel",
        "first_name": "",
        "last_name": "",
        "email": "",
        "is_staff": false,
        "is_active": true,
        "date_joined": "2017-11-09T06:02:31.267Z",
        "groups": [],
        "user_permissions": []
    }
},
{
    "model": "auth.user",
    "pk": 21,
    "fields": {
        "password": "pbkdf2_sha256$36000$OjDqYKuP1rM8$n5dgpkXOz7ubQozIbscTTQWCkND1+Rd6jN9ykopTcTE=",
        "last_login": null,
        "is_superuser": false,
        "username": "Simon",
        "first_name": "",
        "last_name": "",
        "email": "",
        "is_staff": false,
        "is_active": true,
        "date_joined": "2017-11-09T06:02:42.585Z",
        "groups": [],
        "user_permissions": []
    }
},
{
    "model": "auth.user",
    "pk": 22,
    "fields": {
        "password": "pbkdf2_sha256$36000$xwCa4fuIqC1j$AX/SqAyEeIffZt7cgOBJv+eSlsmM7V9KFLSB/VZysk4=",
        "last_login": null,
        "is_superuser": false,
        "username": "Ian",
        "first_name": "",
        "last_name": "",
        "email": "",
        "is_staff": false,
        "is_active": true,
        "date_joined": "2017-11-09T06:02:53.808Z",
        "groups": [],
        "user_permissions": []
    }
},
{
    "model": "auth.user",
    "pk": 23,
    "fields": {
        "password": "pbkdf2_sha256$36000$GaejucAkQKqb$ORsK7nlSxVldhi9STxQMvmUj6trRk5foqGrAKxQfGSk=",
        "last_login": null,
        "is_superuser": false,
        "username": "Tate",
        "first_name": "",
        "last_name": "",
        "email": "",
        "is_staff": false,
        "is_active": true,
        "date_joined": "2017-11-09T06:03:04.401Z",
        "groups": [],
        "user_permissions": []
    }
},
{
    "model": "auth.user",
    "pk": 24,
    "fields": {
        "password": "pbkdf2_sha256$36000$tahf1YWNkRFK$ec2Ud8qdZK0TRlSqGnXQVDS8DjmEVyXKoOs4x9auwKE=",
        "last_login": null,
        "is_superuser": false,
        "username": "Evan",
        "first_name": "",
        "last_name": "",
        "email": "",
        "is_staff": false,
        "is_active": true,
        "date_joined": "2017-11-09T06:03:13.058Z",
        "groups": [],
        "user_permissions": []
    }
},
{
    "model": "auth.user",
    "pk": 25,
    "fields": {
        "password": "pbkdf2_sha256$36000$yyDkh7J0xor4$mwY4yz1aHSlAP4Uf+p77+hKKruCc8fifEt4CyikxNUk=",
        "last_login": null,
        "is_superuser": false,
        "username": "Micah",
        "first_name": "",
        "last_name": "",
        "email": "",
        "is_staff": false,
        "is_active": true,
        "date_joined": "2017-11-09T06:03:28.091Z",
        "groups": [],
        "user_permissions": []
    }
},
{
    "model": "auth.user",
    "pk": 26,
    "fields": {
        "password": "pbkdf2_sha256$36000$IyFTFMxtw1lg$dxNcXetUbkShGS8qKUzc2X3PHvEnoZraiF2A/RxSE3c=",
        "last_login": null,
        "is_superuser": false,
        "username": "Ayana",
        "first_name": "",
        "last_name": "",
        "email": "",
        "is_staff": false,
        "is_active": true,
        "date_joined": "2017-11-09T06:03:45.472Z",
        "groups": [],
        "user_permissions": []
    }
},
{
    "model": "auth.user",
    "pk": 27,
    "fields": {
        "password": "pbkdf2_sha256$36000$pX2YeeRQUQD7$ySZ3wLLQRwsqFi4C9IqzYhPdUR+rhf5eZgE/3wf+Pbg=",
        "last_login": null,
        "is_superuser": false,
        "username": "Colby",
        "first_name": "",
        "last_name": "",
        "email": "",
        "is_staff": false,
        "is_active": true,
        "date_joined": "2017-11-09T06:03:54.480Z",
        "groups": [],
        "user_permissions": []
    }
},
{
    "model": "auth.user",
    "pk": 28,
    "fields": {
        "password": "pbkdf2_sha256$36000$MBznV72qFGig$PCUk2dO7w7sK8R3MW4mlfbekbFvtoZjWg0vytWzAjYY=",
        "last_login": null,
        "is_superuser": false,
        "username": "Bo",
        "first_name": "",
        "last_name": "",
        "email": "",
        "is_staff": false,
        "is_active": true,
        "date_joined": "2017-11-09T06:04:07.554Z",
        "groups": [],
        "user_permissions": []
    }
},
{
    "model": "auth.user",
    "pk": 29,
    "fields": {
        "password": "pbkdf2_sha256$36000$UjcOo5VuSwZV$7uYDyJJsFcGs6//x8acPUegQivk0pIeMY3VIk33YKfI=",
        "last_login": null,
        "is_superuser": false,
        "username": "Kayleigh",
        "first_name": "",
        "last_name": "",
        "email": "",
        "is_staff": false,
        "is_active": true,
        "date_joined": "2017-11-09T06:04:29.623Z",
        "groups": [],
        "user_permissions": []
    }
},
{
    "model": "auth.user",
    "pk": 30,
    "fields": {
        "password": "pbkdf2_sha256$36000$bQw4kFqAjFbO$26o0xru+pUchbb1cV3Av7WJkrVkNtEcSRyUHFsbekss=",
        "last_login": null,
        "is_superuser": false,
        "username": "Izabelle",
        "first_name": "",
        "last_name": "",
        "email": "",
        "is_staff": false,
        "is_active": true,
        "date_joined": "2017-11-09T06:04:43.080Z",
        "groups": [],
        "user_permissions": []
    }
},
{
    "model": "auth.user",
    "pk": 31,
    "fields": {
        "password": "pbkdf2_sha256$36000$ma3FXghL7n0D$Eu7HpOygajTMPuYpwrlXMzM0TAYeTIEPrK8V3AHuGMY=",
        "last_login": null,
        "is_superuser": false,
        "username": "Amaya",
        "first_name": "",
        "last_name": "",
        "email": "",
        "is_staff": false,
        "is_active": true,
        "date_joined": "2017-11-09T06:05:13.627Z",
        "groups": [],
        "user_permissions": []
    }
},
{
    "model": "auth.user",
    "pk": 32,
    "fields": {
        "password": "pbkdf2_sha256$36000$6KqMiRi2Gq1b$ifcrAOznjVpgBOcH6mvnNQFTq4Il9+/pfu9OC12EXLE=",
        "last_login": null,
        "is_superuser": false,
        "username": "Brynn",
        "first_name": "",
        "last_name": "",
        "email": "",
        "is_staff": false,
        "is_active": true,
        "date_joined": "2017-11-09T06:06:42.119Z",
        "groups": [],
        "user_permissions": []
    }
},
{
    "model": "auth.user",
    "pk": 33,
    "fields": {
        "password": "pbkdf2_sha256$36000$yQSXbO0YcEn1$5sEBpWFv+TGM6jbKbvmlPjCdn9IbdY56gZt8X4nQKHU=",
        "last_login": null,
        "is_superuser": false,
        "username": "Tucker",
        "first_name": "",
        "last_name": "",
        "email": "",
        "is_staff": false,
        "is_active": true,
        "date_joined": "2017-11-09T06:07:08.996Z",
        "groups": [],
        "user_permissions": []
    }
},
{
    "model": "auth.user",
    "pk": 34,
    "fields": {
        "password": "pbkdf2_sha256$36000$OcYQkial1vfn$f/34Nz4iBr2cKP1kDY4/o+sh9vnE+J19yW4jKjxjetA=",
        "last_login": null,
        "is_superuser": false,
        "username": "Rowan",
        "first_name": "",
        "last_name": "",
        "email": "",
        "is_staff": false,
        "is_active": true,
        "date_joined": "2017-11-09T06:07:20.748Z",
        "groups": [],
        "user_permissions": []
    }
},
{
    "model": "auth.user",
    "pk": 35,
    "fields": {
        "password": "pbkdf2_sha256$36000$EVwAyZPaHU8F$bduJ3cLenPEaolmzgZjDev8bKbPfdptzYdGi4RCg0h8=",
        "last_login": null,
        "is_superuser": false,
        "username": "Kirsh",
        "first_name": "",
        "last_name": "",
        "email": "",
        "is_staff": false,
        "is_active": true,
        "date_joined": "2017-11-09T06:07:35.920Z",
        "groups": [],
        "user_permissions": []
    }
},
{
    "model": "auth.user",
    "pk": 36,
    "fields": {
        "password": "pbkdf2_sha256$36000$iRLgiC5L2Yzv$H3mLNLcbGBz6BW2cobfrw+0eX3P092+Ek8QXipPISFY=",
        "last_login": null,
        "is_superuser": false,
        "username": "Emmy",
        "first_name": "",
        "last_name": "",
        "email": "",
        "is_staff": false,
        "is_active": true,
        "date_joined": "2017-11-09T06:07:59.837Z",
        "groups": [],
        "user_permissions": []
    }
},
{
    "model": "auth.user",
    "pk": 37,
    "fields": {
        "password": "pbkdf2_sha256$36000$oJTEHqzYwOSn$EWHBs3inqQOIkvgjHm0z0SQXwQHIiUH2RZBCv6aIk08=",
        "last_login": null,
        "is_superuser": false,
        "username": "Marshall",
        "first_name": "",
        "last_name": "",
        "email": "",
        "is_staff": false,
        "is_active": true,
        "date_joined": "2017-11-09T06:08:10.453Z",
        "groups": [],
        "user_permissions": []
    }
},
{
    "model": "auth.user",
    "pk": 38,
    "fields": {
        "password": "pbkdf2_sha256$36000$Y1tVlSBIeMRT$NNCv3B48aEBewRiWkuzB+EVxIeWcjOFrDaIUrA7CDAc=",
        "last_login": null,
        "is_superuser": false,
        "username": "Alexia",
        "first_name": "",
        "last_name": "",
        "email": "",
        "is_staff": false,
        "is_active": true,
        "date_joined": "2017-11-09T06:08:22.563Z",
        "groups": [],
        "user_permissions": []
    }
},
{
    "model": "auth.user",
    "pk": 39,
    "fields": {
        "password": "pbkdf2_sha256$36000$8xlOeLldLPlw$vehBJqZWadOVTCe629EZMTqi91lgxoYpGrxI/pfS4T0=",
        "last_login": null,
        "is_superuser": false,
        "username": "Gage",
        "first_name": "",
        "last_name": "",
        "email": "",
        "is_staff": false,
        "is_active": true,
        "date_joined": "2017-11-09T06:08:33.290Z",
        "groups": [],
        "user_permissions": []
    }
},
{
    "model": "auth.user",
    "pk": 40,
    "fields": {
        "password": "pbkdf2_sha256$36000$O5MDP9GKgnuA$7wkmh+Trm6+bS4giOKTFToBrHp5RUnzKycFqm7N4pRA=",
        "last_login": null,
        "is_superuser": false,
        "username": "Brandon",
        "first_name": "",
        "last_name": "",
        "email": "",
        "is_staff": false,
        "is_active": true,
        "date_joined": "2017-11-09T06:08:43.096Z",
        "groups": [],
        "user_permissions": []
    }
},
{
    "model": "auth.user",
    "pk": 41,
    "fields": {
        "password": "pbkdf2_sha256$36000$RBtPkouUNeUu$1y4hnbqCP7z/WR8wfeYP42uC3tSFF6fX56VxDlpzgis=",
        "last_login": null,
        "is_superuser": false,
        "username": "Kristin",
        "first_name": "",
        "last_name": "",
        "email": "",
        "is_staff": false,
        "is_active": true,
        "date_joined": "2017-11-09T06:09:14.296Z",
        "groups": [],
        "user_permissions": []
    }
},
{
    "model": "auth.user",
    "pk": 42,
    "fields": {
        "password": "pbkdf2_sha256$36000$WXYA2Yrtkwy5$ICPUkSzr6ZYJgvL2cG/tW+kk2QdLyg0PUUTYio0tfwQ=",
        "last_login": null,
        "is_superuser": false,
        "username": "Natalia",
        "first_name": "",
        "last_name": "",
        "email": "",
        "is_staff": false,
        "is_active": true,
        "date_joined": "2017-11-09T06:09:27.606Z",
        "groups": [],
        "user_permissions": []
    }
},
{
    "model": "auth.user",
    "pk": 43,
    "fields": {
        "password": "pbkdf2_sha256$36000$UCZrezKEvSPq$ziZbmttZMvR8+9aLCbwjaXHK+/L+YWaudnNKr4R1i0I=",
        "last_login": null,
        "is_superuser": false,
        "username": "Erik",
        "first_name": "",
        "last_name": "",
        "email": "",
        "is_staff": false,
        "is_active": true,
        "date_joined": "2017-11-09T06:09:39.387Z",
        "groups": [],
        "user_permissions": []
    }
},
{
    "model": "auth.user",
    "pk": 44,
    "fields": {
        "password": "pbkdf2_sha256$36000$OiAgezCSJyKX$q1xLmeYu6V0WIlcnCv3RkQOgUSM4hJQf67S/wrWxc70=",
        "last_login": null,
        "is_superuser": false,
        "username": "Kendall",
        "first_name": "",
        "last_name": "",
        "email": "",
        "is_staff": false,
        "is_active": true,
        "date_joined": "2017-11-09T06:09:51.806Z",
        "groups": [],
        "user_permissions": []
    }
},
{
    "model": "auth.user",
    "pk": 45,
    "fields": {
        "password": "pbkdf2_sha256$36000$AMNkRVCnp8Al$2n4tw9V7kUtTRDROZWfgQD0SfqwulFjr/CuEtdjcSz0=",
        "last_login": null,
        "is_superuser": false,
        "username": "Arianna",
        "first_name": "",
        "last_name": "",
        "email": "",
        "is_staff": false,
        "is_active": true,
        "date_joined": "2017-11-09T06:10:11.969Z",
        "groups": [],
        "user_permissions": []
    }
},
{
    "model": "auth.user",
    "pk": 46,
    "fields": {
        "password": "pbkdf2_sha256$36000$ArZOQcVgNzIs$Obop6vbj60JqwHBKNoRWNpSTVjn/OpQZWeJks669zXc=",
        "last_login": null,
        "is_superuser": false,
        "username": "Grace",
        "first_name": "",
        "last_name": "",
        "email": "",
        "is_staff": false,
        "is_active": true,
        "date_joined": "2017-11-09T06:10:29.986Z",
        "groups": [],
        "user_permissions": []
    }
},
{
    "model": "auth.user",
    "pk": 47,
    "fields": {
        "password": "pbkdf2_sha256$36000$WSBkjpcfVYOH$288dXqClb77hSrRiZkZDJvmMqvgNaz94YD2JCMDsPqA=",
        "last_login": null,
        "is_superuser": false,
        "username": "Jessie",
        "first_name": "",
        "last_name": "",
        "email": "",
        "is_staff": false,
        "is_active": true,
        "date_joined": "2017-11-09T06:10:42.743Z",
        "groups": [],
        "user_permissions": []
    }
},
{
    "model": "auth.user",
    "pk": 48,
    "fields": {
        "password": "pbkdf2_sha256$36000$PuOqvYlC0EMo$MHFP3Y/uvQ1rb0bCqHhyhM+QxgTxAWR9A0o09YZXpAg=",
        "last_login": null,
        "is_superuser": false,
        "username": "Alden",
        "first_name": "",
        "last_name": "",
        "email": "",
        "is_staff": false,
        "is_active": true,
        "date_joined": "2017-11-09T06:11:12.825Z",
        "groups": [],
        "user_permissions": []
    }
},
{
    "model": "auth.user",
    "pk": 49,
    "fields": {
        "password": "pbkdf2_sha256$36000$5ZLws6fGTDzb$z72+gfT+abBPZHi0B7nHq7wMVJD2UY/T2WfVMNj/UPQ=",
        "last_login": null,
        "is_superuser": false,
        "username": "Sadie",
        "first_name": "",
        "last_name": "",
        "email": "",
        "is_staff": false,
        "is_active": true,
        "date_joined": "2017-11-09T06:11:30.285Z",
        "groups": [],
        "user_permissions": []
    }
},
{
    "model": "auth.user",
    "pk": 50,
    "fields": {
        "password": "pbkdf2_sha256$36000$1PxKToj9ERa9$KpegcEeRkqC4OVD6Z2dfrymarUZzskPsh1+fu3egJKI=",
        "last_login": null,
        "is_superuser": false,
        "username": "Jean",
        "first_name": "",
        "last_name": "",
        "email": "",
        "is_staff": false,
        "is_active": true,
        "date_joined": "2017-11-09T06:11:41.836Z",
        "groups": [],
        "user_permissions": []
    }
},
{
    "model": "auth.user",
    "pk": 51,
    "fields": {
        "password": "pbkdf2_sha256$36000$fHTNnBFRgCxk$6cVPrIBaoHFKTdaiOgrq53ICdC23LErnP8rKHOrOLYs=",
        "last_login": null,
        "is_superuser": false,
        "username": "Meadow",
        "first_name": "",
        "last_name": "",
        "email": "",
        "is_staff": false,
        "is_active": true,
        "date_joined": "2017-11-09T06:11:52.228Z",
        "groups": [],
        "user_permissions": []
    }
},
{
    "model": "auth.user",
    "pk": 52,
    "fields": {
        "password": "pbkdf2_sha256$36000$G7H0p9sty7xs$IqA2cy7VYGxsvaa678DH1vzBHiEbF5+fR9sBe0L6QFk=",
        "last_login": null,
        "is_superuser": false,
        "username": "Jamie",
        "first_name": "",
        "last_name": "",
        "email": "",
        "is_staff": false,
        "is_active": true,
        "date_joined": "2017-11-09T06:12:09.104Z",
        "groups": [],
        "user_permissions": []
    }
},
{
    "model": "auth.user",
    "pk": 53,
    "fields": {
        "password": "pbkdf2_sha256$36000$XhsUmKEU0tPr$AJGEMZA3o8ReC2beFKbijjByTioHLwmr7lFLkydAuK0=",
        "last_login": null,
        "is_superuser": false,
        "username": "Solomon",
        "first_name": "",
        "last_name": "",
        "email": "",
        "is_staff": false,
        "is_active": true,
        "date_joined": "2017-11-09T06:12:26.929Z",
        "groups": [],
        "user_permissions": []
    }
},
{
    "model": "auth.user",
    "pk": 54,
    "fields": {
        "password": "pbkdf2_sha256$36000$XhJmUVMbP95z$76Q43mML8meGFUcV4Nt59ZfbKo7Qbnq0EG8cSkFwdDI=",
        "last_login": null,
        "is_superuser": false,
        "username": "Reid",
        "first_name": "",
        "last_name": "",
        "email": "",
        "is_staff": false,
        "is_active": true,
        "date_joined": "2017-11-09T06:12:39.838Z",
        "groups": [],
        "user_permissions": []
    }
},
{
    "model": "auth.user",
    "pk": 55,
    "fields": {
        "password": "pbkdf2_sha256$36000$pwWFbwEjd4Ti$1dV9vnIgMRvHcMpG+99ZxymZgrbQWTFuiW+AOSRK9Ro=",
        "last_login": null,
        "is_superuser": false,
        "username": "Ruth",
        "first_name": "",
        "last_name": "",
        "email": "",
        "is_staff": false,
        "is_active": true,
        "date_joined": "2017-11-09T06:13:02.432Z",
        "groups": [],
        "user_permissions": []
    }
},
{
    "model": "auth.user",
    "pk": 56,
    "fields": {
        "password": "pbkdf2_sha256$36000$Ma1BNAiWoERb$iAT5VfjyU6ASr+QPAS7tlBWVqD3RtmqqYtHjGlEjeTY=",
        "last_login": null,
        "is_superuser": false,
        "username": "Bella",
        "first_name": "",
        "last_name": "",
        "email": "",
        "is_staff": false,
        "is_active": true,
        "date_joined": "2017-11-09T06:13:14.089Z",
        "groups": [],
        "user_permissions": []
    }
},
{
    "model": "auth.user",
    "pk": 57,
    "fields": {
        "password": "pbkdf2_sha256$36000$Cgg6xHp1XpkL$8QJV/I8utHyqpc9JoBN5hhxyMY0aUB8AY/p0v2RBn4M=",
        "last_login": null,
        "is_superuser": false,
        "username": "Maya",
        "first_name": "",
        "last_name": "",
        "email": "",
        "is_staff": false,
        "is_active": true,
        "date_joined": "2017-11-09T06:13:26.483Z",
        "groups": [],
        "user_permissions": []
    }
},
{
    "model": "auth.user",
    "pk": 58,
    "fields": {
        "password": "pbkdf2_sha256$36000$qvS8Vuby5znJ$GtpzGbG7gphNd4wUZglNV1idznGUunPjyQwP/mZz4IY=",
        "last_login": null,
        "is_superuser": false,
        "username": "Jenna",
        "first_name": "",
        "last_name": "",
        "email": "",
        "is_staff": false,
        "is_active": true,
        "date_joined": "2017-11-09T06:13:36.059Z",
        "groups": [],
        "user_permissions": []
    }
},
{
    "model": "auth.user",
    "pk": 59,
    "fields": {
        "password": "pbkdf2_sha256$36000$dCypan4rfHmx$lTDnWK2If3iP7J85GDle4Xlxjn4DCiV40/jhWkouruw=",
        "last_login": null,
        "is_superuser": false,
        "username": "Noah",
        "first_name": "",
        "last_name": "",
        "email": "",
        "is_staff": false,
        "is_active": true,
        "date_joined": "2017-11-09T06:13:56.063Z",
        "groups": [],
        "user_permissions": []
    }
},
{
    "model": "auth.user",
    "pk": 60,
    "fields": {
        "password": "pbkdf2_sha256$36000$1VaDUdHujFeF$Xl/47gW1YrYqTb5urzbNMH8MsPlc24vj8o7y7m7pVb4=",
        "last_login": null,
        "is_superuser": false,
        "username": "Quentin",
        "first_name": "",
        "last_name": "",
        "email": "",
        "is_staff": false,
        "is_active": true,
        "date_joined": "2017-11-09T06:14:08.367Z",
        "groups": [],
        "user_permissions": []
    }
},
{
    "model": "auth.user",
    "pk": 61,
    "fields": {
        "password": "pbkdf2_sha256$36000$7WUfi2GDyrfY$0EfttU7gXCIrpCeXGpAxiaYY8zHZ9rbgbMCMJPS7qc8=",
        "last_login": null,
        "is_superuser": false,
        "username": "Madison",
        "first_name": "",
        "last_name": "",
        "email": "",
        "is_staff": false,
        "is_active": true,
        "date_joined": "2017-11-09T06:14:24.177Z",
        "groups": [],
        "user_permissions": []
    }
},
{
    "model": "auth.user",
    "pk": 62,
    "fields": {
        "password": "pbkdf2_sha256$36000$UJCGAiZdzsdg$riRQe1bor0mtipSveUhzJx9cSta8V4LA2EvGYUYclE0=",
        "last_login": null,
        "is_superuser": false,
        "username": "Sterling",
        "first_name": "",
        "last_name": "",
        "email": "",
        "is_staff": false,
        "is_active": true,
        "date_joined": "2017-11-09T06:14:47.519Z",
        "groups": [],
        "user_permissions": []
    }
},
{
    "model": "auth.user",
    "pk": 63,
    "fields": {
        "password": "pbkdf2_sha256$36000$g7VIF7sGebCA$vZWKcUewoE8BluTdc5c9jJvnEkd5mdiPs7GURteGL88=",
        "last_login": null,
        "is_superuser": false,
        "username": "Maria",
        "first_name": "",
        "last_name": "",
        "email": "",
        "is_staff": false,
        "is_active": true,
        "date_joined": "2017-11-09T06:15:00.197Z",
        "groups": [],
        "user_permissions": []
    }
},
{
    "model": "auth.user",
    "pk": 64,
    "fields": {
        "password": "pbkdf2_sha256$36000$mvmFkAzy17x3$XE6z+m2W99ZchtNaxNb+/0GQEtbP5p95tpRagcZRaRo=",
        "last_login": null,
        "is_superuser": false,
        "username": "Kaylie",
        "first_name": "",
        "last_name": "",
        "email": "",
        "is_staff": false,
        "is_active": true,
        "date_joined": "2017-11-09T06:15:12.242Z",
        "groups": [],
        "user_permissions": []
    }
},
{
    "model": "auth.user",
    "pk": 65,
    "fields": {
        "password": "pbkdf2_sha256$36000$OGUqjTQnuZ8H$gTqjGV8ZXD2sjmd+92kxl4zT+IOqz0+sETamWyZNT5A=",
        "last_login": null,
        "is_superuser": false,
        "username": "Kaleigh",
        "first_name": "",
        "last_name": "",
        "email": "",
        "is_staff": false,
        "is_active": true,
        "date_joined": "2017-11-09T06:15:23.153Z",
        "groups": [],
        "user_permissions": []
    }
},
{
    "model": "auth.user",
    "pk": 66,
    "fields": {
        "password": "pbkdf2_sha256$36000$KSSTUKncB0Uz$yipfFxq2Eej4P/wtlhDCeU2fVJZlsSoCJXaxHqQtGJc=",
        "last_login": null,
        "is_superuser": false,
        "username": "Lars",
        "first_name": "",
        "last_name": "",
        "email": "",
        "is_staff": false,
        "is_active": true,
        "date_joined": "2017-11-09T06:15:31.010Z",
        "groups": [],
        "user_permissions": []
    }
},
{
    "model": "auth.user",
    "pk": 67,
    "fields": {
        "password": "pbkdf2_sha256$36000$YK1CMxdH75U8$pO2oEY4OGkJH4O5KHk3r6LMmDhBAGV7IAMnS+oD3wNs=",
        "last_login": "2017-11-09T06:22:04.258Z",
        "is_superuser": false,
        "username": "Petter",
        "first_name": "",
        "last_name": "",
        "email": "",
        "is_staff": false,
        "is_active": true,
        "date_joined": "2017-11-09T06:15:41.694Z",
        "groups": [],
        "user_permissions": []
    }
},
{
    "model": "auth.user",
    "pk": 68,
    "fields": {
        "password": "pbkdf2_sha256$36000$aju7RrwY28cK$9sePtFoJ6sBgw6kyHjR2/L0FAD2fw7FgrZaY0t/spLc=",
        "last_login": null,
        "is_superuser": false,
        "username": "Odin",
        "first_name": "",
        "last_name": "",
        "email": "",
        "is_staff": false,
        "is_active": true,
        "date_joined": "2017-11-09T06:15:50.263Z",
        "groups": [],
        "user_permissions": []
    }
},
{
    "model": "auth.user",
    "pk": 69,
    "fields": {
        "password": "pbkdf2_sha256$36000$OrtVRCwODgcE$I4ar6BcVfuQ/6PXt4FI7WV0WWFfV3uiinSF7JNlqT1k=",
        "last_login": null,
        "is_superuser": false,
        "username": "Rupert",
        "first_name": "",
        "last_name": "",
        "email": "",
        "is_staff": false,
        "is_active": true,
        "date_joined": "2017-11-09T06:16:05.116Z",
        "groups": [],
        "user_permissions": []
    }
},
{
    "model": "auth.user",
    "pk": 70,
    "fields": {
        "password": "pbkdf2_sha256$36000$chguf3xTVkiO$NheP74RRsCnuUaQ/t5eNe1eLsuqcpsZojl58gXbGdvI=",
        "last_login": null,
        "is_superuser": false,
        "username": "Robert",
        "first_name": "",
        "last_name": "",
        "email": "",
        "is_staff": false,
        "is_active": true,
        "date_joined": "2017-11-09T06:16:15.654Z",
        "groups": [],
        "user_permissions": []
    }
},
{
    "model": "auth.user",
    "pk": 71,
    "fields": {
        "password": "pbkdf2_sha256$36000$vg3xFBSc9bxR$6kQ1l3BJYokzbOF7ZMROYyZrvAoGv10W5tCU8mpPUgk=",
        "last_login": null,
        "is_superuser": false,
        "username": "Karl",
        "first_name": "",
        "last_name": "",
        "email": "",
        "is_staff": false,
        "is_active": true,
        "date_joined": "2017-11-09T06:16:29.257Z",
        "groups": [],
        "user_permissions": []
    }
},
{
    "model": "auth.user",
    "pk": 72,
    "fields": {
        "password": "pbkdf2_sha256$36000$lvq28NrV43WK$0r+fVH32hChjD/q48e/gS4fkFdwevXpUlhyg0ytNVRk=",
        "last_login": null,
        "is_superuser": false,
        "username": "Carl",
        "first_name": "",
        "last_name": "",
        "email": "",
        "is_staff": false,
        "is_active": true,
        "date_joined": "2017-11-09T06:16:38.462Z",
        "groups": [],
        "user_permissions": []
    }
},
{
    "model": "auth.user",
    "pk": 73,
    "fields": {
        "password": "pbkdf2_sha256$36000$5kGsxaKgIxyI$Kdk9pB2P/b16N4juNMFF49LmsBfqkPejr2ZolWnn/v4=",
        "last_login": null,
        "is_superuser": false,
        "username": "Nicolai",
        "first_name": "",
        "last_name": "",
        "email": "",
        "is_staff": false,
        "is_active": true,
        "date_joined": "2017-11-09T06:16:51.861Z",
        "groups": [],
        "user_permissions": []
    }
},
{
    "model": "auth.user",
    "pk": 74,
    "fields": {
        "password": "pbkdf2_sha256$36000$lpvWtZm4fsBq$WYp3ri/AFQSAaUDCKGcEmdkK475DhRSgDzQ+kI2UpX0=",
        "last_login": null,
        "is_superuser": false,
        "username": "Nicolas",
        "first_name": "",
        "last_name": "",
        "email": "",
        "is_staff": false,
        "is_active": true,
        "date_joined": "2017-11-09T06:17:05.552Z",
        "groups": [],
        "user_permissions": []
    }
},
{
    "model": "auth.user",
    "pk": 75,
    "fields": {
        "password": "pbkdf2_sha256$36000$U61mfBUMSjTd$6Caj3ZfAYkZzUPI5WJHX5gd7uU+8nVj24WpG95VEgOs=",
        "last_login": null,
        "is_superuser": false,
        "username": "Kelly",
        "first_name": "",
        "last_name": "",
        "email": "",
        "is_staff": false,
        "is_active": true,
        "date_joined": "2017-11-09T06:17:17.063Z",
        "groups": [],
        "user_permissions": []
    }
},
{
    "model": "auth.user",
    "pk": 76,
    "fields": {
        "password": "pbkdf2_sha256$36000$l9gVI0CLZAnO$znSaYVodOyTA5yPVheKfWZjkN+WBWBVVt3tz4YyY01w=",
        "last_login": null,
        "is_superuser": false,
        "username": "Emanuell",
        "first_name": "",
        "last_name": "",
        "email": "",
        "is_staff": false,
        "is_active": true,
        "date_joined": "2017-11-09T06:17:28.753Z",
        "groups": [],
        "user_permissions": []
    }
},
{
    "model": "auth.user",
    "pk": 77,
    "fields": {
        "password": "pbkdf2_sha256$36000$7Pg3T4aim14C$2uliippWN/2OBqjWAT8oIyFwV67hB3BNGsELiXzb9KA=",
        "last_login": null,
        "is_superuser": false,
        "username": "Eddie",
        "first_name": "",
        "last_name": "",
        "email": "",
        "is_staff": false,
        "is_active": true,
        "date_joined": "2017-11-09T06:17:40.021Z",
        "groups": [],
        "user_permissions": []
    }
},
{
    "model": "auth.user",
    "pk": 78,
    "fields": {
        "password": "pbkdf2_sha256$36000$hhth5UFj7vTW$8xInwcQLFtWnqyvhseT3vPIKwDiexv1m1y0RT/O2Mpg=",
        "last_login": "2017-11-09T21:07:51.789Z",
        "is_superuser": false,
        "username": "Tony",
        "first_name": "",
        "last_name": "",
        "email": "",
        "is_staff": false,
        "is_active": true,
        "date_joined": "2017-11-09T06:17:56.891Z",
        "groups": [],
        "user_permissions": []
    }
},
{
    "model": "auth.user",
    "pk": 79,
    "fields": {
        "password": "pbkdf2_sha256$36000$xf8PieW6vHp6$hwAqfRFvZwbrqDSls0+p5NF+EobJ5J7B86GRh+Nv3zY=",
        "last_login": null,
        "is_superuser": false,
        "username": "Kiara",
        "first_name": "",
        "last_name": "",
        "email": "",
        "is_staff": false,
        "is_active": true,
        "date_joined": "2017-11-09T06:18:05.929Z",
        "groups": [],
        "user_permissions": []
    }
},
{
    "model": "auth.user",
    "pk": 80,
    "fields": {
        "password": "pbkdf2_sha256$36000$LoHTXaEW9Ujn$MR0j8Y/GwjzjWCkxjKy8252yKMfeHltNFEjJ7RXJ6Os=",
        "last_login": null,
        "is_superuser": false,
        "username": "Kristen",
        "first_name": "",
        "last_name": "",
        "email": "",
        "is_staff": false,
        "is_active": true,
        "date_joined": "2017-11-09T06:18:14.851Z",
        "groups": [],
        "user_permissions": []
    }
},
{
    "model": "auth.user",
    "pk": 81,
    "fields": {
        "password": "pbkdf2_sha256$36000$tUJQY8NMNFMu$txwb2ILLjw4nMnoa6I4c/aErsm1bPLs24r1wR/yDNDA=",
        "last_login": null,
        "is_superuser": false,
        "username": "Braden",
        "first_name": "",
        "last_name": "",
        "email": "",
        "is_staff": false,
        "is_active": true,
        "date_joined": "2017-11-09T06:18:41.657Z",
        "groups": [],
        "user_permissions": []
    }
},
{
    "model": "auth.user",
    "pk": 82,
    "fields": {
        "password": "pbkdf2_sha256$36000$m1HjmTq4kZy4$Lt6PQ0fMYCuAotDoE9elEDin3u0wFtfA0deRndwr5Iw=",
        "last_login": null,
        "is_superuser": false,
        "username": "Rose",
        "first_name": "",
        "last_name": "",
        "email": "",
        "is_staff": false,
        "is_active": true,
        "date_joined": "2017-11-09T06:18:48.569Z",
        "groups": [],
        "user_permissions": []
    }
},
{
    "model": "auth.user",
    "pk": 83,
    "fields": {
        "password": "pbkdf2_sha256$36000$1kvnyp8GeM6b$yxizqnKKZlUI7G6RGeRl4g9oDybEm5eUXMeS+gBL0WI=",
        "last_login": null,
        "is_superuser": false,
        "username": "James",
        "first_name": "",
        "last_name": "",
        "email": "",
        "is_staff": false,
        "is_active": true,
        "date_joined": "2017-11-09T06:18:57.880Z",
        "groups": [],
        "user_permissions": []
    }
},
{
    "model": "auth.user",
    "pk": 84,
    "fields": {
        "password": "pbkdf2_sha256$36000$6AiaC6C3fsMI$YhugT0E7kFokBPuQibJBgMnSxRzQdNazDb5iUXKSIfo=",
        "last_login": null,
        "is_superuser": false,
        "username": "Emily",
        "first_name": "",
        "last_name": "",
        "email": "",
        "is_staff": false,
        "is_active": true,
        "date_joined": "2017-11-09T06:19:08.578Z",
        "groups": [],
        "user_permissions": []
    }
},
{
    "model": "auth.user",
    "pk": 85,
    "fields": {
        "password": "pbkdf2_sha256$36000$jMYBaaHG9cYq$DFiypNgcfNIKsJCZ+5kI4iV22krQfI2QSvm/SSJ61lg=",
        "last_login": null,
        "is_superuser": false,
        "username": "George",
        "first_name": "",
        "last_name": "",
        "email": "",
        "is_staff": false,
        "is_active": true,
        "date_joined": "2017-11-09T06:19:19.901Z",
        "groups": [],
        "user_permissions": []
    }
},
{
    "model": "auth.user",
    "pk": 86,
    "fields": {
        "password": "pbkdf2_sha256$36000$yfOXDOLOYP8j$4PlvOLn9euTJgPJkbX3yyMciVoe6A7eSG7aZEZiSeSg=",
        "last_login": "2017-11-09T11:53:35.661Z",
        "is_superuser": false,
        "username": "Angela",
        "first_name": "",
        "last_name": "",
        "email": "",
        "is_staff": false,
        "is_active": true,
        "date_joined": "2017-11-09T06:19:34.568Z",
        "groups": [],
        "user_permissions": []
    }
},
{
    "model": "auth.user",
    "pk": 87,
    "fields": {
        "password": "pbkdf2_sha256$36000$8O6KPKdj004b$IrSEpOlDxZlDz99yXSYy7MD1mV7od8CwilJjqIPUty4=",
        "last_login": null,
        "is_superuser": false,
        "username": "Shane",
        "first_name": "",
        "last_name": "",
        "email": "",
        "is_staff": false,
        "is_active": true,
        "date_joined": "2017-11-09T06:19:46.381Z",
        "groups": [],
        "user_permissions": []
    }
},
{
    "model": "auth.user",
    "pk": 88,
    "fields": {
        "password": "pbkdf2_sha256$36000$vDT5tyWvc2Te$xarUXWRDvloWBArcg901/0FnjkMU3WKS32RkIPSgoFc=",
        "last_login": null,
        "is_superuser": false,
        "username": "Anne",
        "first_name": "",
        "last_name": "",
        "email": "",
        "is_staff": false,
        "is_active": true,
        "date_joined": "2017-11-09T06:19:55.559Z",
        "groups": [],
        "user_permissions": []
    }
},
{
    "model": "auth.user",
    "pk": 89,
    "fields": {
        "password": "pbkdf2_sha256$36000$F5g6gQY5b6fu$5hQOSTNk0X+jR4qYmJZtxpg7cloVGjfn1lXC3pSe7tg=",
        "last_login": null,
        "is_superuser": false,
        "username": "Jordan",
        "first_name": "",
        "last_name": "",
        "email": "",
        "is_staff": false,
        "is_active": true,
        "date_joined": "2017-11-09T06:20:10.878Z",
        "groups": [],
        "user_permissions": []
    }
},
{
    "model": "auth.user",
    "pk": 90,
    "fields": {
        "password": "pbkdf2_sha256$36000$iv7L0xDX8npc$i76avupaovBPZHux2+AUn/77Wnq4Z3JvrjWMVk7tcYU=",
        "last_login": null,
        "is_superuser": false,
        "username": "Laila",
        "first_name": "",
        "last_name": "",
        "email": "",
        "is_staff": false,
        "is_active": true,
        "date_joined": "2017-11-09T06:20:22.796Z",
        "groups": [],
        "user_permissions": []
    }
},
{
    "model": "auth.user",
    "pk": 91,
    "fields": {
        "password": "pbkdf2_sha256$36000$D7WxX8DHVlV7$w8bUkk82UC1KzoY0BsIsh3zrRBCbbUsN2fvuHc7oRqs=",
        "last_login": null,
        "is_superuser": false,
        "username": "Lillian",
        "first_name": "",
        "last_name": "",
        "email": "",
        "is_staff": false,
        "is_active": true,
        "date_joined": "2017-11-09T06:20:30.033Z",
        "groups": [],
        "user_permissions": []
    }
},
{
    "model": "auth.user",
    "pk": 92,
    "fields": {
        "password": "pbkdf2_sha256$36000$6JTwz3B8ErMv$gcBspCu+zDny85cida5Pr6Wq44PQUJJ4oiXRtukAjqc=",
        "last_login": "2017-11-09T21:08:36.893Z",
        "is_superuser": false,
        "username": "Amy",
        "first_name": "",
        "last_name": "",
        "email": "",
        "is_staff": false,
        "is_active": true,
        "date_joined": "2017-11-09T06:20:40.845Z",
        "groups": [],
        "user_permissions": []
    }
},
{
    "model": "auth.user",
    "pk": 93,
    "fields": {
        "password": "pbkdf2_sha256$36000$AbAAb5ZuZpwd$WXSnVSDxodkTy18TR2J3muOSPT8uEWdIZ20o5e+a2XQ=",
        "last_login": null,
        "is_superuser": false,
        "username": "Marlene",
        "first_name": "",
        "last_name": "",
        "email": "",
        "is_staff": false,
        "is_active": true,
        "date_joined": "2017-11-09T06:20:48.645Z",
        "groups": [],
        "user_permissions": []
    }
},
{
    "model": "auth.user",
    "pk": 94,
    "fields": {
        "password": "pbkdf2_sha256$36000$diTeOKAl5loo$VuxPjhbPq1KXRgN8mzyyggDbI4XvVhcrFfSY7L70i88=",
        "last_login": null,
        "is_superuser": false,
        "username": "Lucas",
        "first_name": "",
        "last_name": "",
        "email": "",
        "is_staff": false,
        "is_active": true,
        "date_joined": "2017-11-09T06:20:57.131Z",
        "groups": [],
        "user_permissions": []
    }
},
{
    "model": "auth.user",
    "pk": 95,
    "fields": {
        "password": "pbkdf2_sha256$36000$5AoPsPVm4QGL$gRfplSxhQQ9xQoX5rinvb7WXR8Re+uK8sSbFxJFAK7Q=",
        "last_login": null,
        "is_superuser": false,
        "username": "Casey",
        "first_name": "",
        "last_name": "",
        "email": "",
        "is_staff": false,
        "is_active": true,
        "date_joined": "2017-11-09T06:21:09.134Z",
        "groups": [],
        "user_permissions": []
    }
},
{
    "model": "auth.user",
    "pk": 96,
    "fields": {
        "password": "pbkdf2_sha256$36000$DY2tyQSR8UzD$AwhPDgTupxvWNEYLv1OuG3X/FKXWSKOMfXqsnKY6ff8=",
        "last_login": "2017-11-09T11:52:43.719Z",
        "is_superuser": false,
        "username": "Tina",
        "first_name": "",
        "last_name": "",
        "email": "",
        "is_staff": false,
        "is_active": true,
        "date_joined": "2017-11-09T06:21:18.216Z",
        "groups": [],
        "user_permissions": []
    }
},
{
    "model": "auth.user",
    "pk": 97,
    "fields": {
        "password": "pbkdf2_sha256$36000$RYnMl7MeiArG$7BxbDyeOGIokp+BT7AG7wGEjztx4MCTwZ2Kc+w5Iygs=",
        "last_login": "2017-11-09T06:21:52.440Z",
        "is_superuser": false,
        "username": "Peter",
        "first_name": "",
        "last_name": "",
        "email": "",
        "is_staff": false,
        "is_active": true,
        "date_joined": "2017-11-09T06:21:25.373Z",
        "groups": [],
        "user_permissions": []
    }
},
{
    "model": "app.rigging",
    "pk": 1,
    "fields": {
        "tidspunkt_for_konsert": "12:00-14:30",
        "tidspunkt_etter_konsert": "02:30-05:00",
        "person": [
            6,
            7,
            8,
            9,
            10,
            11,
            12,
            43,
            44,
            45,
            46,
            47
        ]
    }
},
{
    "model": "app.rigging",
    "pk": 2,
    "fields": {
        "tidspunkt_for_konsert": "12:00-14:30",
        "tidspunkt_etter_konsert": "02:30-05:00",
        "person": [
            13,
            14,
            15,
            16,
            17,
            18,
            48,
            49,
            50,
            51,
            52,
            53
        ]
    }
},
{
    "model": "app.rigging",
    "pk": 3,
    "fields": {
        "tidspunkt_for_konsert": "12:00-14:30",
        "tidspunkt_etter_konsert": "02:30-05:00",
        "person": [
            19,
            20,
            21,
            22,
            23,
            24,
            54,
            55,
            56,
            58
        ]
    }
},
{
    "model": "app.rigging",
    "pk": 4,
    "fields": {
        "tidspunkt_for_konsert": "12:00-14:30",
        "tidspunkt_etter_konsert": "02:30-05:00",
        "person": [
            25,
            26,
            27,
            28,
            29,
            30,
            60,
            61,
            62,
            63,
            64,
            65
        ]
    }
},
{
    "model": "app.rigging",
    "pk": 5,
    "fields": {
        "tidspunkt_for_konsert": "12:00-14:30",
        "tidspunkt_etter_konsert": "02:30-05:00",
        "person": [
            31,
            32,
            33,
            34,
            35,
            36,
            66,
            67,
            68,
            69,
            70,
            71
        ]
    }
},
{
    "model": "app.rigging",
    "pk": 6,
    "fields": {
        "tidspunkt_for_konsert": "12:00-14:30",
        "tidspunkt_etter_konsert": "02:30-05:00",
        "person": [
            37,
            38,
            39,
            40,
            41,
            42,
            72,
            73,
            74,
            75,
            76,
            77
        ]
    }
},
{
    "model": "app.extend_user",
    "pk": 1,
    "fields": {
        "user": 2,
        "role": "arrangor"
    }
},
{
    "model": "app.extend_user",
    "pk": 2,
    "fields": {
        "user": 3,
        "role": "bookingansvarlig"
    }
},
{
    "model": "app.extend_user",
    "pk": 3,
    "fields": {
        "user": 4,
        "role": "bookingsjef"
    }
},
{
    "model": "app.extend_user",
    "pk": 4,
    "fields": {
        "user": 5,
        "role": "manager"
    }
},
{
    "model": "app.extend_user",
    "pk": 5,
    "fields": {
        "user": 6,
        "role": "lystekniker"
    }
},
{
    "model": "app.extend_user",
    "pk": 6,
    "fields": {
        "user": 7,
        "role": "lydtekniker"
    }
},
{
    "model": "app.extend_user",
    "pk": 7,
    "fields": {
        "user": 8,
        "role": "lydtekniker"
    }
},
{
    "model": "app.extend_user",
    "pk": 8,
    "fields": {
        "user": 9,
        "role": "lydtekniker"
    }
},
{
    "model": "app.extend_user",
    "pk": 9,
    "fields": {
        "user": 10,
        "role": "lydtekniker"
    }
},
{
    "model": "app.extend_user",
    "pk": 10,
    "fields": {
        "user": 11,
        "role": "lydtekniker"
    }
},
{
    "model": "app.extend_user",
    "pk": 11,
    "fields": {
        "user": 12,
        "role": "lydtekniker"
    }
},
{
    "model": "app.extend_user",
    "pk": 12,
    "fields": {
        "user": 13,
        "role": "lydtekniker"
    }
},
{
    "model": "app.extend_user",
    "pk": 13,
    "fields": {
        "user": 14,
        "role": "lydtekniker"
    }
},
{
    "model": "app.extend_user",
    "pk": 14,
    "fields": {
        "user": 15,
        "role": "lydtekniker"
    }
},
{
    "model": "app.extend_user",
    "pk": 15,
    "fields": {
        "user": 16,
        "role": "lydtekniker"
    }
},
{
    "model": "app.extend_user",
    "pk": 16,
    "fields": {
        "user": 17,
        "role": "lydtekniker"
    }
},
{
    "model": "app.extend_user",
    "pk": 17,
    "fields": {
        "user": 18,
        "role": "lydtekniker"
    }
},
{
    "model": "app.extend_user",
    "pk": 18,
    "fields": {
        "user": 19,
        "role": "lydtekniker"
    }
},
{
    "model": "app.extend_user",
    "pk": 19,
    "fields": {
        "user": 20,
        "role": "lydtekniker"
    }
},
{
    "model": "app.extend_user",
    "pk": 20,
    "fields": {
        "user": 21,
        "role": "lydtekniker"
    }
},
{
    "model": "app.extend_user",
    "pk": 21,
    "fields": {
        "user": 22,
        "role": "lydtekniker"
    }
},
{
    "model": "app.extend_user",
    "pk": 22,
    "fields": {
        "user": 23,
        "role": "lydtekniker"
    }
},
{
    "model": "app.extend_user",
    "pk": 23,
    "fields": {
        "user": 24,
        "role": "lydtekniker"
    }
},
{
    "model": "app.extend_user",
    "pk": 24,
    "fields": {
        "user": 25,
        "role": "lydtekniker"
    }
},
{
    "model": "app.extend_user",
    "pk": 25,
    "fields": {
        "user": 26,
        "role": "lydtekniker"
    }
},
{
    "model": "app.extend_user",
    "pk": 26,
    "fields": {
        "user": 27,
        "role": "lydtekniker"
    }
},
{
    "model": "app.extend_user",
    "pk": 27,
    "fields": {
        "user": 28,
        "role": "lydtekniker"
    }
},
{
    "model": "app.extend_user",
    "pk": 28,
    "fields": {
        "user": 29,
        "role": "lydtekniker"
    }
},
{
    "model": "app.extend_user",
    "pk": 29,
    "fields": {
        "user": 30,
        "role": "lydtekniker"
    }
},
{
    "model": "app.extend_user",
    "pk": 30,
    "fields": {
        "user": 31,
        "role": "lydtekniker"
    }
},
{
    "model": "app.extend_user",
    "pk": 31,
    "fields": {
        "user": 32,
        "role": "lydtekniker"
    }
},
{
    "model": "app.extend_user",
    "pk": 32,
    "fields": {
        "user": 33,
        "role": "lydtekniker"
    }
},
{
    "model": "app.extend_user",
    "pk": 33,
    "fields": {
        "user": 34,
        "role": "lydtekniker"
    }
},
{
    "model": "app.extend_user",
    "pk": 34,
    "fields": {
        "user": 35,
        "role": "lydtekniker"
    }
},
{
    "model": "app.extend_user",
    "pk": 35,
    "fields": {
        "user": 36,
        "role": "lydtekniker"
    }
},
{
    "model": "app.extend_user",
    "pk": 36,
    "fields": {
        "user": 37,
        "role": "lydtekniker"
    }
},
{
    "model": "app.extend_user",
    "pk": 37,
    "fields": {
        "user": 38,
        "role": "lydtekniker"
    }
},
{
    "model": "app.extend_user",
    "pk": 38,
    "fields": {
        "user": 39,
        "role": "lydtekniker"
    }
},
{
    "model": "app.extend_user",
    "pk": 39,
    "fields": {
        "user": 40,
        "role": "lydtekniker"
    }
},
{
    "model": "app.extend_user",
    "pk": 40,
    "fields": {
        "user": 41,
        "role": "lydtekniker"
    }
},
{
    "model": "app.extend_user",
    "pk": 41,
    "fields": {
        "user": 42,
        "role": "lydtekniker"
    }
},
{
    "model": "app.extend_user",
    "pk": 42,
    "fields": {
        "user": 43,
        "role": "lystekniker"
    }
},
{
    "model": "app.extend_user",
    "pk": 43,
    "fields": {
        "user": 44,
        "role": "lystekniker"
    }
},
{
    "model": "app.extend_user",
    "pk": 44,
    "fields": {
        "user": 45,
        "role": "lystekniker"
    }
},
{
    "model": "app.extend_user",
    "pk": 45,
    "fields": {
        "user": 46,
        "role": "lystekniker"
    }
},
{
    "model": "app.extend_user",
    "pk": 46,
    "fields": {
        "user": 47,
        "role": "lystekniker"
    }
},
{
    "model": "app.extend_user",
    "pk": 47,
    "fields": {
        "user": 48,
        "role": "lystekniker"
    }
},
{
    "model": "app.extend_user",
    "pk": 48,
    "fields": {
        "user": 49,
        "role": "lystekniker"
    }
},
{
    "model": "app.extend_user",
    "pk": 49,
    "fields": {
        "user": 50,
        "role": "lystekniker"
    }
},
{
    "model": "app.extend_user",
    "pk": 50,
    "fields": {
        "user": 51,
        "role": "lystekniker"
    }
},
{
    "model": "app.extend_user",
    "pk": 51,
    "fields": {
        "user": 52,
        "role": "lystekniker"
    }
},
{
    "model": "app.extend_user",
    "pk": 52,
    "fields": {
        "user": 53,
        "role": "lystekniker"
    }
},
{
    "model": "app.extend_user",
    "pk": 53,
    "fields": {
        "user": 54,
        "role": "lystekniker"
    }
},
{
    "model": "app.extend_user",
    "pk": 54,
    "fields": {
        "user": 55,
        "role": "lystekniker"
    }
},
{
    "model": "app.extend_user",
    "pk": 55,
    "fields": {
        "user": 56,
        "role": "lystekniker"
    }
},
{
    "model": "app.extend_user",
    "pk": 56,
    "fields": {
        "user": 57,
        "role": "lystekniker"
    }
},
{
    "model": "app.extend_user",
    "pk": 57,
    "fields": {
        "user": 58,
        "role": "lystekniker"
    }
},
{
    "model": "app.extend_user",
    "pk": 58,
    "fields": {
        "user": 59,
        "role": "lystekniker"
    }
},
{
    "model": "app.extend_user",
    "pk": 59,
    "fields": {
        "user": 60,
        "role": "lystekniker"
    }
},
{
    "model": "app.extend_user",
    "pk": 60,
    "fields": {
        "user": 61,
        "role": "lystekniker"
    }
},
{
    "model": "app.extend_user",
    "pk": 61,
    "fields": {
        "user": 62,
        "role": "lystekniker"
    }
},
{
    "model": "app.extend_user",
    "pk": 62,
    "fields": {
        "user": 63,
        "role": "lystekniker"
    }
},
{
    "model": "app.extend_user",
    "pk": 63,
    "fields": {
        "user": 64,
        "role": "lystekniker"
    }
},
{
    "model": "app.extend_user",
    "pk": 64,
    "fields": {
        "user": 65,
        "role": "lystekniker"
    }
},
{
    "model": "app.extend_user",
    "pk": 65,
    "fields": {
        "user": 66,
        "role": "lystekniker"
    }
},
{
    "model": "app.extend_user",
    "pk": 66,
    "fields": {
        "user": 67,
        "role": "lystekniker"
    }
},
{
    "model": "app.extend_user",
    "pk": 67,
    "fields": {
        "user": 68,
        "role": "lystekniker"
    }
},
{
    "model": "app.extend_user",
    "pk": 68,
    "fields": {
        "user": 69,
        "role": "lystekniker"
    }
},
{
    "model": "app.extend_user",
    "pk": 69,
    "fields": {
        "user": 70,
        "role": "lystekniker"
    }
},
{
    "model": "app.extend_user",
    "pk": 70,
    "fields": {
        "user": 71,
        "role": "lystekniker"
    }
},
{
    "model": "app.extend_user",
    "pk": 71,
    "fields": {
        "user": 72,
        "role": "lystekniker"
    }
},
{
    "model": "app.extend_user",
    "pk": 72,
    "fields": {
        "user": 73,
        "role": "lystekniker"
    }
},
{
    "model": "app.extend_user",
    "pk": 73,
    "fields": {
        "user": 74,
        "role": "lystekniker"
    }
},
{
    "model": "app.extend_user",
    "pk": 74,
    "fields": {
        "user": 75,
        "role": "lystekniker"
    }
},
{
    "model": "app.extend_user",
    "pk": 75,
    "fields": {
        "user": 76,
        "role": "lystekniker"
    }
},
{
    "model": "app.extend_user",
    "pk": 76,
    "fields": {
        "user": 77,
        "role": "lystekniker"
    }
},
{
    "model": "app.extend_user",
    "pk": 77,
    "fields": {
        "user": 78,
        "role": "manager"
    }
},
{
    "model": "app.extend_user",
    "pk": 78,
    "fields": {
        "user": 79,
        "role": "manager"
    }
},
{
    "model": "app.extend_user",
    "pk": 79,
    "fields": {
        "user": 80,
        "role": "manager"
    }
},
{
    "model": "app.extend_user",
    "pk": 80,
    "fields": {
        "user": 81,
        "role": "manager"
    }
},
{
    "model": "app.extend_user",
    "pk": 81,
    "fields": {
        "user": 82,
        "role": "manager"
    }
},
{
    "model": "app.extend_user",
    "pk": 82,
    "fields": {
        "user": 83,
        "role": "manager"
    }
},
{
    "model": "app.extend_user",
    "pk": 83,
    "fields": {
        "user": 84,
        "role": "manager"
    }
},
{
    "model": "app.extend_user",
    "pk": 84,
    "fields": {
        "user": 85,
        "role": "manager"
    }
},
{
    "model": "app.extend_user",
    "pk": 85,
    "fields": {
        "user": 86,
        "role": "manager"
    }
},
{
    "model": "app.extend_user",
    "pk": 86,
    "fields": {
        "user": 87,
        "role": "manager"
    }
},
{
    "model": "app.extend_user",
    "pk": 87,
    "fields": {
        "user": 88,
        "role": "manager"
    }
},
{
    "model": "app.extend_user",
    "pk": 88,
    "fields": {
        "user": 89,
        "role": "manager"
    }
},
{
    "model": "app.extend_user",
    "pk": 89,
    "fields": {
        "user": 90,
        "role": "manager"
    }
},
{
    "model": "app.extend_user",
    "pk": 90,
    "fields": {
        "user": 91,
        "role": "manager"
    }
},
{
    "model": "app.extend_user",
    "pk": 91,
    "fields": {
        "user": 92,
        "role": "manager"
    }
},
{
    "model": "app.extend_user",
    "pk": 92,
    "fields": {
        "user": 93,
        "role": "manager"
    }
},
{
    "model": "app.extend_user",
    "pk": 93,
    "fields": {
        "user": 94,
        "role": "manager"
    }
},
{
    "model": "app.extend_user",
    "pk": 94,
    "fields": {
        "user": 95,
        "role": "manager"
    }
},
{
    "model": "app.extend_user",
    "pk": 95,
    "fields": {
        "user": 96,
        "role": "manager"
    }
},
{
    "model": "app.extend_user",
    "pk": 96,
    "fields": {
        "user": 97,
        "role": "manager"
    }
}
]
